State Name,District Name,Market Name,Variety,Group,Arrivals (Tonnes),Min Price (Rs./Quintal),Max Price (Rs./Quintal),Modal Price (Rs./Quintal),Reported Date
Punjab,Faridkot,Faridkot,Other,Oil Seeds,10.40,1440,1440,1440,01 Jan 2004
Punjab,Faridkot,Faridkot,Other,Oil Seeds,8.10,700,800,750,31 Dec 2003
Punjab,Faridkot,Faridkot,Other,Oil Seeds,28.50,1100,1100,1100,17 Dec 2003
Punjab,Faridkot,Faridkot,Other,Oil Seeds,70.00,700,800,700,03 Feb 2003
Punjab,Faridkot,Faridkot,Other,Oil Seeds,500.00,1200,1200,1200,24 Dec 2002
Punjab,Faridkot,Faridkot,Other,Oil Seeds,170.00,797,797,797,13 Dec 2002
Punjab,Faridkot,Faridkot,Other,Oil Seeds,130.00,800,1000,950,22 Nov 2002
Punjab,Faridkot,Faridkot,Other,Oil Seeds,7.90,1300,1300,1300,11 Nov 2002
Punjab,Ferozpur,Firozepur City,Other,Oil Seeds,145.00,1100,1500,1400,02 Jan 2003
Punjab,Hoshiarpur,Hoshiarpur,Seed,Oil Seeds,0.60,1440,1490,1465,18 Dec 2002
Punjab,Hoshiarpur,Hoshiarpur,Seed,Oil Seeds,0.30,1600,1710,1650,14 Dec 2002
Punjab,Hoshiarpur,Hoshiarpur,Seed,Oil Seeds,0.60,1460,1970,1775,13 Dec 2002
Punjab,Hoshiarpur,Hoshiarpur,M-13,Oil Seeds,0.40,1600,2000,1800,07 Dec 2002
Punjab,Hoshiarpur,Hoshiarpur,M-13,Oil Seeds,0.40,1500,2060,1800,06 Dec 2002
Punjab,Hoshiarpur,Hoshiarpur,M-13,Oil Seeds,0.30,1600,1880,1740,04 Dec 2002
Punjab,Hoshiarpur,Hoshiarpur,M-13,Oil Seeds,0.70,1500,2050,1775,02 Dec 2002
Punjab,Hoshiarpur,Hoshiarpur,M-13,Oil Seeds,0.80,1530,2000,1785,30 Nov 2002
Punjab,Hoshiarpur,Hoshiarpur,M-13,Oil Seeds,1.20,1450,2000,1700,29 Nov 2002
Punjab,Hoshiarpur,Hoshiarpur,M-13,Oil Seeds,2.40,1460,1950,1750,28 Nov 2002
Punjab,Hoshiarpur,Hoshiarpur,M-13,Oil Seeds,1.80,1500,1970,1735,27 Nov 2002
Punjab,Hoshiarpur,Hoshiarpur,M-13,Oil Seeds,1.30,1300,1790,1650,26 Nov 2002
Punjab,Hoshiarpur,Hoshiarpur,M-13,Oil Seeds,1.40,1560,2000,1750,25 Nov 2002
Punjab,Hoshiarpur,Hoshiarpur,M-13,Oil Seeds,1.80,1460,1880,1650,23 Nov 2002
Punjab,Hoshiarpur,Hoshiarpur,M-13,Oil Seeds,1.20,1460,1850,1665,22 Nov 2002
Punjab,Hoshiarpur,Hoshiarpur,M-13,Oil Seeds,2.40,1420,1825,1800,14 Nov 2002
Punjab,Jalandhar,Jalandhar City,Big (With Shell),Oil Seeds,10.00,1400,1600,1500,07 Mar 2003
Punjab,Jalandhar,Jalandhar City,Big (With Shell),Oil Seeds,617.00,1050,1150,1100,24 Dec 2002
Punjab,Mansa,Mansa,Gungri (With Shell),Oil Seeds,0.20,1556,1556,1556,25 Nov 2002
Punjab,Patiala,Nabha,Other,Oil Seeds,0.60,1600,1800,1700,30 Jan 2004
Punjab,Patiala,Nabha,Seed,Oil Seeds,66.00,1200,1200,1200,21 Jul 2003
Punjab,Patiala,Nabha,Seed,Oil Seeds,124.00,0,0,1200,11 Jul 2003
Punjab,Patiala,Nabha,Seed,Oil Seeds,90.00,0,0,1200,07 Jul 2003
Punjab,Patiala,Nabha,Seed,Oil Seeds,195.00,1200,1200,1200,02 Jul 2003
Punjab,Patiala,Nabha,Seed,Oil Seeds,4.00,1525,1525,1525,05 Dec 2002
Punjab,Patiala,Nabha,Seed,Oil Seeds,8.00,1300,1300,1300,11 Oct 2002
Punjab,Patiala,Nabha,Seed,Oil Seeds,"6,146.00",1200,1200,1200,10 Oct 2002
Punjab,Patiala,Samana,Gungri (With Shell),Oil Seeds,0.10,800,850,825,23 May 2002
