State Name,District Name,Market Name,Variety,Group,Arrivals (Tonnes),Min Price (Rs./Quintal),Max Price (Rs./Quintal),Modal Price (Rs./Quintal),Reported Date
Punjab,Mansa,Bareta,Hybrid,Cereals,5.5,524,530,527,26 Nov 2002
Punjab,Barnala,Barnala,Bold,Cereals,1.9,390,390,390,15 Oct 2003
Punjab,Barnala,Barnala,Bold,Cereals,2.0,400,400,400,02 Oct 2003
Punjab,Mansa,Budalada,Bold,Cereals,10.0,550,600,570,20 Jan 2003
Punjab,Mansa,Budalada,Bold,Cereals,1.5,548,552,552,22 Nov 2002
Punjab,Mansa,Budalada,Other,Cereals,0.7,552,552,552,21 Nov 2002
Punjab,Mansa,Budalada,Other,Cereals,0.8,550,553,552,20 Nov 2002
Punjab,Mansa,Budalada,Bold,Cereals,7.7,530,547,536,15 Nov 2002
Punjab,Mansa,Budalada,Bold,Cereals,3.1,526,526,526,13 Nov 2002
Punjab,Faridkot,Faridkot,Bold,Cereals,34.0,540,540,540,24 Dec 2002
Punjab,Faridkot,Faridkot,Bold,Cereals,29.0,560,560,560,13 Dec 2002
Punjab,Jalandhar,Jalandhar City,Local,Cereals,15.0,460,460,460,12 May 2003
Punjab,Jalandhar,Jalandhar City,Local,Cereals,15.0,460,460,460,05 May 2003
Punjab,Jalandhar,Jalandhar City,Deshi,Cereals,20.0,425,450,435,22 Apr 2003
Punjab,Jalandhar,Jalandhar City,Local,Cereals,15.0,425,450,435,12 Apr 2003
Punjab,Jalandhar,Jalandhar City,Local,Cereals,19.0,450,500,475,07 Apr 2003
Punjab,Jalandhar,Jalandhar City,Local,Cereals,15.0,450,600,525,02 Apr 2003
Punjab,Jalandhar,Jalandhar City,Hybrid,Cereals,28.0,600,600,600,17 Mar 2003
Punjab,Patiala,Nabha,Other,Cereals,0.2,550,600,570,05 Feb 2004
Punjab,Patiala,Nabha,Other,Cereals,0.1,550,600,575,31 Jan 2004
