State Name,District Name,Market Name,Variety,Group,Arrivals (Tonnes),Min Price (Rs./Quintal),Max Price (Rs./Quintal),Modal Price (Rs./Quintal),Reported Date
Punjab,Fazilka,Abohar,Other,Cereals,20.00,0,0,1480,30 Nov 2018
Punjab,Fazilka,Abohar,Other,Cereals,0.20,0,0,1500,02 Nov 2018
Punjab,Fazilka,Abohar,Other,Cereals,2.50,0,0,1460,10 Oct 2018
Punjab,Fazilka,Abohar,Other,Cereals,10.00,1250,1250,1250,06 Jan 2018
Punjab,Fazilka,Abohar,Other,Cereals,0.40,0,0,1260,27 Dec 2017
Punjab,Fazilka,Abohar,Other,Cereals,27.00,1250,1265,1255,20 Dec 2017
Punjab,Fazilka,Abohar,Other,Cereals,14.00,1250,1250,1250,16 Dec 2017
Punjab,Fazilka,Abohar,Other,Cereals,22.00,1225,1230,1230,15 Dec 2017
Punjab,Fazilka,Abohar,Other,Cereals,6.00,1200,1200,1200,12 Dec 2017
Punjab,Fazilka,Abohar,Other,Cereals,6.00,1200,1200,1200,24 Nov 2017
Punjab,Fazilka,Abohar,Other,Cereals,6.00,1175,1175,1175,16 Nov 2017
Punjab,Fazilka,Abohar,Other,Cereals,4.00,1215,1215,1215,15 Nov 2017
Punjab,Fazilka,Abohar,Other,Cereals,2.00,1285,1285,1285,13 Nov 2017
Punjab,Fazilka,Abohar,Other,Cereals,1.50,0,0,1230,25 Sep 2017
Punjab,Nawanshahr,Nawanshahar,Other,Cereals,5.20,1600,1600,1600,23 Jun 2017
Punjab,Nawanshahr,Nawanshahar,Other,Cereals,28.75,1580,1590,1580,27 Mar 2017
Punjab,Nawanshahr,Nawanshahar,Other,Cereals,23.40,1590,1600,1590,25 Mar 2017
Punjab,Nawanshahr,Nawanshahar,Other,Cereals,11.10,1570,1570,1570,02 Mar 2017
Punjab,Nawanshahr,Nawanshahar,Other,Cereals,11.05,1580,1580,1580,01 Mar 2017
Punjab,Nawanshahr,Nawanshahar,Other,Cereals,6.20,1563,1563,1563,24 Feb 2017
Punjab,Nawanshahr,Nawanshahar,Other,Cereals,4.07,1450,1450,1450,14 Feb 2017
Punjab,Nawanshahr,Nawanshahar,Other,Cereals,18.58,1570,1580,1580,29 Jan 2017
Punjab,Nawanshahr,Nawanshahar,Other,Cereals,7.98,1570,1570,1570,19 Jan 2017
Punjab,Nawanshahr,Nawanshahar,Other,Cereals,2.40,1400,1400,1400,12 Jan 2017
Punjab,Nawanshahr,Nawanshahar,Other,Cereals,5.10,1550,1550,1550,24 Dec 2016
Punjab,Nawanshahr,Nawanshahar,Other,Cereals,3.80,1400,1400,1400,23 Dec 2016
Punjab,Nawanshahr,Nawanshahar,Other,Cereals,22.45,1450,1480,1475,14 Dec 2016
Punjab,Nawanshahr,Nawanshahar,Other,Cereals,52.50,1620,1620,1620,08 Dec 2016
Punjab,Nawanshahr,Nawanshahar,Other,Cereals,51.00,1620,1620,1620,06 Dec 2016
Punjab,Nawanshahr,Nawanshahar,Other,Cereals,41.00,1620,1620,1620,03 Dec 2016
Punjab,Nawanshahr,Nawanshahar,Other,Cereals,35.85,1510,1510,1510,28 Sep 2016
Punjab,Nawanshahr,Nawanshahar,Other,Cereals,49.00,1500,1500,1500,20 Sep 2016
Punjab,Nawanshahr,Nawanshahar,Other,Cereals,46.60,1510,1510,1510,19 Sep 2016
Punjab,Nawanshahr,Nawanshahar,Other,Cereals,41.00,1510,1510,1510,17 Sep 2016
Punjab,Nawanshahr,Nawanshahar,Other,Cereals,45.80,1510,1510,1510,15 Sep 2016
Punjab,Nawanshahr,Nawanshahar,Other,Cereals,51.10,1500,1500,1500,13 Sep 2016
Punjab,Nawanshahr,Nawanshahar,Other,Cereals,26.10,1500,1500,1500,09 Sep 2016
Punjab,Nawanshahr,Nawanshahar,Other,Cereals,26.05,1530,1540,1540,04 Sep 2016
Punjab,Nawanshahr,Nawanshahar,Other,Cereals,32.00,1580,1600,1590,26 Aug 2016
Punjab,Nawanshahr,Nawanshahar,Other,Cereals,45.20,1685,1685,1685,11 Aug 2016
Punjab,Nawanshahr,Nawanshahar,Other,Cereals,46.25,1550,1560,1550,09 Aug 2016
Punjab,Nawanshahr,Nawanshahar,Other,Cereals,11.00,1650,1650,1650,07 Mar 2016
Punjab,Nawanshahr,Nawanshahar,Other,Cereals,12.50,1660,1660,1660,22 Feb 2016
Punjab,Nawanshahr,Nawanshahar,Other,Cereals,12.00,1625,1625,1625,20 Feb 2016
Punjab,Patiala,Patran,Other,Cereals,2.00,2000,2000,2000,19 Jul 2018
Punjab,Patiala,Patran,Other,Cereals,"7,350.00",1450,1450,1450,25 Oct 2015
