State Name,District Name,Market Name,Variety,Group,Arrivals (Tonnes),Min Price (Rs./Quintal),Max Price (Rs./Quintal),Modal Price (Rs./Quintal),Reported Date
Punjab,Fazilka,Abohar,Other,Cereals,470.0,675,745,690,09 Oct 2007
Punjab,Fazilka,Abohar,Other,Cereals,400.0,2000,3000,2500,14 Sep 2006
Punjab,Sangrur,Dhuri,Other,Cereals,5.0,671,671,671,24 Jul 2007
Punjab,Ludhiana,Ludhiana,Other,Cereals,5.0,200,300,250,19 Dec 2005
Punjab,Mansa,Mansa,Local,Cereals,0.7,680,700,680,06 Sep 2006
Punjab,Mansa,Mansa,Local,Cereals,0.7,680,700,680,05 Sep 2006
Punjab,Mansa,Mansa,Local,Cereals,4.1,735,805,775,24 Aug 2006
Punjab,Mansa,Mansa,Local,Cereals,0.2,805,805,805,23 Aug 2006
Punjab,Mansa,Mansa,Local,Cereals,2.8,740,825,775,22 Aug 2006
Punjab,Mansa,Mansa,Local,Cereals,0.5,710,725,710,14 Aug 2006
Punjab,Mansa,Mansa,Local,Cereals,1.0,715,715,715,05 Aug 2006
Punjab,Mansa,Mansa,Local,Cereals,0.1,675,675,675,29 Jul 2006
Punjab,Mansa,Mansa,Local,Cereals,1.9,635,785,700,26 Jul 2006
Punjab,Mansa,Mansa,Local,Cereals,0.7,675,675,675,24 Jul 2006
Punjab,Mansa,Mansa,Local,Cereals,6.4,675,730,700,18 Jul 2006
Punjab,Mansa,Mansa,Local,Cereals,1.5,330,705,685,17 Jul 2006
Punjab,Mansa,Mansa,Local,Cereals,0.9,630,755,690,15 Jul 2006
Punjab,Mansa,Mansa,Local,Cereals,0.6,600,695,650,13 Jul 2006
Punjab,Mansa,Mansa,Local,Cereals,0.1,655,655,655,12 Jul 2006
Punjab,Mansa,Mansa,Local,Cereals,1.5,590,590,590,07 Jul 2006
Punjab,Mansa,Mansa,Local,Cereals,0.6,605,685,605,06 Jul 2006
Punjab,Mansa,Mansa,Local,Cereals,6.6,600,680,660,04 Jul 2006
Punjab,Mansa,Mansa,Local,Cereals,1.3,600,625,625,03 Jul 2006
Punjab,Mansa,Mansa,Local,Cereals,1.8,615,710,660,01 Jul 2006
Punjab,Mansa,Mansa,Local,Cereals,8.5,650,730,680,30 Jun 2006
Punjab,Mansa,Mansa,Local,Cereals,2.7,500,680,625,29 Jun 2006
Punjab,Mansa,Mansa,Local,Cereals,10.8,565,770,630,26 Jun 2006
Punjab,Mansa,Mansa,Local,Cereals,9.1,600,685,640,24 Jun 2006
Punjab,Mansa,Mansa,Local,Cereals,35.0,640,765,700,20 Jun 2006
Punjab,Mansa,Mansa,Local,Cereals,24.7,495,735,675,19 Jun 2006
Punjab,Mansa,Mansa,Local,Cereals,22.6,565,740,650,16 Jun 2006
Punjab,Mansa,Mansa,Local,Cereals,33.7,625,730,660,15 Jun 2006
Punjab,Mansa,Mansa,Local,Cereals,24.6,625,800,675,14 Jun 2006
Punjab,Mansa,Mansa,Local,Cereals,20.6,415,775,675,13 Jun 2006
Punjab,Mansa,Mansa,Local,Cereals,21.4,625,775,705,12 Jun 2006
Punjab,Mansa,Mansa,Local,Cereals,32.6,650,755,725,10 Jun 2006
Punjab,Mansa,Mansa,Local,Cereals,30.9,625,745,700,09 Jun 2006
Punjab,Mansa,Mansa,Local,Cereals,36.4,625,760,675,07 Jun 2006
Punjab,Mansa,Mansa,Local,Cereals,37.7,625,755,700,06 Jun 2006
Punjab,Mansa,Mansa,Local,Cereals,32.8,650,780,675,05 Jun 2006
Punjab,Mansa,Mansa,Local,Cereals,16.8,670,765,700,03 Jun 2006
Punjab,Mansa,Mansa,Local,Cereals,2.9,645,700,680,02 Jun 2006
Punjab,Mansa,Mansa,Local,Cereals,37.4,635,750,685,01 Jun 2006
Punjab,Mansa,Mansa,Local,Cereals,27.7,650,730,665,31 May 2006
Punjab,Mansa,Mansa,Local,Cereals,22.8,640,730,680,29 May 2006
Punjab,Mansa,Mansa,Local,Cereals,31.9,650,735,685,27 May 2006
Punjab,Mansa,Mansa,Local,Cereals,11.2,425,750,675,26 May 2006
Punjab,Mansa,Mansa,Local,Cereals,18.0,675,765,725,25 May 2006
Punjab,Mansa,Mansa,Local,Cereals,14.9,645,765,725,24 May 2006
Punjab,Mansa,Mansa,Local,Cereals,4.6,685,735,725,23 May 2006
Punjab,Mansa,Mansa,Local,Cereals,3.4,675,695,675,19 May 2006
Punjab,Mansa,Mansa,Local,Cereals,8.6,670,740,700,18 May 2006
Punjab,Mansa,Mansa,Local,Cereals,7.0,655,735,735,17 May 2006
Punjab,Mansa,Mansa,Local,Cereals,5.6,705,775,745,16 May 2006
Punjab,Mansa,Mansa,Local,Cereals,5.0,705,775,740,15 May 2006
Punjab,Mansa,Mansa,Local,Cereals,1.1,675,775,775,13 May 2006
Punjab,Mansa,Mansa,Local,Cereals,2.7,665,770,735,12 May 2006
Punjab,Mansa,Mansa,Local,Cereals,5.0,635,785,770,11 May 2006
Punjab,Mansa,Mansa,Local,Cereals,4.4,610,765,720,10 May 2006
Punjab,Mansa,Mansa,Local,Cereals,2.4,545,850,825,03 May 2006
Punjab,Mansa,Mansa,Local,Cereals,0.3,785,785,785,02 May 2006
Punjab,Mansa,Mansa,Local,Cereals,0.1,550,550,550,27 Apr 2006
Punjab,Mansa,Mansa,Local,Cereals,0.4,825,1070,900,24 Apr 2006
Punjab,Mansa,Mansa,Local,Cereals,0.2,685,835,835,23 Apr 2006
Punjab,Mansa,Mansa,Local,Cereals,0.4,725,755,725,12 Apr 2006
Punjab,Mansa,Mansa,Local,Cereals,0.2,500,810,810,11 Apr 2006
Punjab,Mansa,Mansa,Local,Cereals,0.6,705,725,710,27 Mar 2006
Punjab,Mansa,Mansa,Local,Cereals,0.1,700,700,700,21 Mar 2006
Punjab,Mansa,Mansa,Local,Cereals,0.3,700,880,775,13 Mar 2006
Punjab,Mansa,Mansa,Local,Cereals,0.1,650,650,650,09 Mar 2006
Punjab,Mansa,Mansa,Local,Cereals,0.2,620,800,620,08 Mar 2006
Punjab,Mansa,Mansa,Local,Cereals,0.4,500,665,635,07 Mar 2006
Punjab,Mansa,Mansa,Local,Cereals,0.2,610,610,610,06 Mar 2006
Punjab,Mansa,Mansa,Local,Cereals,0.3,560,790,750,02 Mar 2006
Punjab,Mansa,Mansa,Local,Cereals,0.5,735,790,775,28 Feb 2006
Punjab,Mansa,Mansa,Local,Cereals,0.3,750,770,765,24 Feb 2006
Punjab,Mansa,Mansa,Local,Cereals,0.7,585,745,610,23 Feb 2006
Punjab,Mansa,Mansa,Local,Cereals,0.1,820,820,820,22 Feb 2006
Punjab,Mansa,Mansa,Local,Cereals,0.2,550,750,750,20 Feb 2006
Punjab,Mansa,Mansa,Local,Cereals,0.3,770,770,770,18 Feb 2006
Punjab,Mansa,Mansa,Local,Cereals,0.1,790,790,790,17 Feb 2006
Punjab,Mansa,Mansa,Local,Cereals,0.4,575,600,575,16 Feb 2006
Punjab,Mansa,Mansa,Local,Cereals,0.3,535,780,750,15 Feb 2006
Punjab,Mansa,Mansa,Local,Cereals,0.1,800,800,800,14 Feb 2006
Punjab,Mansa,Mansa,Local,Cereals,0.3,520,800,640,13 Feb 2006
Punjab,Mansa,Mansa,Local,Cereals,0.8,475,605,595,11 Feb 2006
Punjab,Mansa,Mansa,Local,Cereals,0.4,575,815,765,10 Feb 2006
Punjab,Mansa,Mansa,Local,Cereals,0.2,650,800,650,08 Feb 2006
Punjab,Mansa,Mansa,Local,Cereals,0.3,625,800,800,07 Feb 2006
Punjab,Mansa,Mansa,Local,Cereals,1.2,500,805,750,06 Feb 2006
Punjab,Mansa,Mansa,Local,Cereals,0.2,525,565,565,04 Feb 2006
Punjab,Mansa,Mansa,Local,Cereals,0.4,450,810,810,03 Feb 2006
Punjab,Mansa,Mansa,Local,Cereals,0.2,790,790,790,01 Feb 2006
Punjab,Mansa,Mansa,Local,Cereals,0.2,550,550,550,31 Jan 2006
Punjab,Mansa,Mansa,Local,Cereals,0.3,790,815,815,30 Jan 2006
Punjab,Mansa,Mansa,Local,Cereals,0.4,485,850,575,28 Jan 2006
Punjab,Mansa,Mansa,Local,Cereals,1.5,475,860,740,27 Jan 2006
Punjab,Mansa,Mansa,Local,Cereals,0.9,500,805,770,25 Jan 2006
Punjab,Mansa,Mansa,Local,Cereals,0.1,770,770,770,24 Jan 2006
Punjab,Mansa,Mansa,Local,Cereals,0.1,550,550,550,23 Jan 2006
Punjab,Mansa,Mansa,Local,Cereals,0.8,705,845,775,21 Jan 2006
Punjab,Mansa,Mansa,Local,Cereals,1.3,530,775,585,20 Jan 2006
Punjab,Mansa,Mansa,Local,Cereals,0.3,800,820,800,19 Jan 2006
Punjab,Mansa,Mansa,Local,Cereals,0.8,525,805,600,18 Jan 2006
Punjab,Mansa,Mansa,Local,Cereals,0.2,575,775,575,17 Jan 2006
Punjab,Mansa,Mansa,Local,Cereals,0.5,450,785,785,16 Jan 2006
Punjab,Mansa,Mansa,Local,Cereals,0.4,625,840,840,13 Jan 2006
Punjab,Mansa,Mansa,Local,Cereals,2.2,430,815,700,12 Jan 2006
Punjab,Mansa,Mansa,Local,Cereals,0.3,570,650,570,10 Jan 2006
Punjab,Mansa,Mansa,Local,Cereals,0.4,730,810,810,09 Jan 2006
Punjab,Mansa,Mansa,Local,Cereals,1.1,595,845,785,06 Jan 2006
Punjab,Mansa,Mansa,Local,Cereals,0.5,400,600,530,04 Jan 2006
Punjab,Mansa,Mansa,Local,Cereals,0.6,525,805,650,02 Jan 2006
Punjab,Mansa,Mansa,Local,Cereals,0.5,560,805,775,31 Dec 2005
Punjab,Mansa,Mansa,Local,Cereals,0.3,525,775,600,30 Dec 2005
Punjab,Mansa,Mansa,Local,Cereals,0.8,565,865,585,29 Dec 2005
Punjab,Mansa,Mansa,Local,Cereals,1.5,540,820,575,28 Dec 2005
Punjab,Mansa,Mansa,Local,Cereals,0.8,450,595,560,27 Dec 2005
Punjab,Mansa,Mansa,Local,Cereals,3.0,435,740,610,24 Dec 2005
Punjab,Mansa,Mansa,Local,Cereals,2.2,450,830,830,23 Dec 2005
Punjab,Mansa,Mansa,Local,Cereals,0.6,500,730,600,21 Dec 2005
Punjab,Mansa,Mansa,Local,Cereals,2.3,475,800,760,09 Dec 2005
Punjab,Mansa,Mansa,Local,Cereals,1.5,490,755,755,07 Dec 2005
Punjab,Mansa,Mansa,Local,Cereals,1.6,465,865,560,06 Dec 2005
Punjab,Mansa,Mansa,Local,Cereals,1.8,400,860,500,05 Dec 2005
Punjab,Mansa,Mansa,Local,Cereals,2.2,435,805,555,03 Dec 2005
Punjab,Mansa,Mansa,Local,Cereals,0.7,495,695,600,02 Dec 2005
Punjab,Mansa,Mansa,Local,Cereals,0.7,450,820,575,01 Dec 2005
Punjab,Mansa,Mansa,Local,Cereals,1.6,495,780,575,29 Nov 2005
Punjab,Mansa,Mansa,Local,Cereals,1.2,400,860,525,26 Nov 2005
Punjab,Mansa,Mansa,Local,Cereals,0.4,500,850,520,25 Nov 2005
Punjab,Mansa,Mansa,Local,Cereals,2.4,425,785,515,24 Nov 2005
Punjab,Mansa,Mansa,Local,Cereals,2.1,420,755,525,23 Nov 2005
Punjab,Mansa,Mansa,Local,Cereals,0.9,450,850,765,22 Nov 2005
Punjab,Mansa,Mansa,Local,Cereals,4.3,350,790,600,21 Nov 2005
Punjab,Mansa,Mansa,Local,Cereals,2.1,400,810,475,19 Nov 2005
Punjab,Mansa,Mansa,Local,Cereals,2.1,400,780,450,18 Nov 2005
Punjab,Mansa,Mansa,Local,Cereals,0.8,400,750,550,17 Nov 2005
Punjab,Mansa,Mansa,Local,Cereals,0.4,420,550,435,16 Nov 2005
Punjab,Mansa,Mansa,Local,Cereals,2.3,400,785,625,14 Nov 2005
Punjab,Mansa,Mansa,Local,Cereals,1.7,370,750,400,12 Nov 2005
Punjab,Mansa,Mansa,Local,Cereals,2.1,375,530,425,11 Nov 2005
Punjab,Mansa,Mansa,Local,Cereals,1.5,375,600,500,10 Nov 2005
Punjab,Mansa,Mansa,Local,Cereals,1.9,400,795,550,09 Nov 2005
Punjab,Mansa,Mansa,Local,Cereals,2.0,325,775,555,08 Nov 2005
Punjab,Mansa,Mansa,Local,Cereals,1.4,400,530,500,29 Oct 2005
Punjab,Mansa,Mansa,Local,Cereals,1.3,385,750,400,28 Oct 2005
Punjab,Mansa,Mansa,Local,Cereals,1.8,405,545,500,27 Oct 2005
Punjab,Mansa,Mansa,Local,Cereals,1.0,600,610,600,26 Oct 2005
Punjab,Mansa,Mansa,Local,Cereals,3.6,400,780,500,24 Oct 2005
Punjab,Mansa,Mansa,Local,Cereals,2.5,425,750,700,22 Oct 2005
Punjab,Mansa,Mansa,Local,Cereals,3.2,400,770,720,21 Oct 2005
Punjab,Mansa,Mansa,Local,Cereals,3.7,400,760,450,20 Oct 2005
Punjab,Mansa,Mansa,Local,Cereals,2.4,350,720,500,19 Oct 2005
Punjab,Mansa,Mansa,Local,Cereals,3.4,450,795,575,18 Oct 2005
Punjab,Mansa,Mansa,Local,Cereals,4.0,450,795,650,17 Oct 2005
Punjab,Mansa,Mansa,Local,Cereals,39.0,450,785,560,15 Oct 2005
Punjab,Mansa,Mansa,Local,Cereals,1.7,400,695,450,14 Oct 2005
Punjab,Mansa,Mansa,Local,Cereals,4.8,420,740,550,13 Oct 2005
Punjab,Mansa,Mansa,Local,Cereals,3.9,355,745,500,11 Oct 2005
Punjab,Mansa,Mansa,Local,Cereals,2.2,400,730,600,10 Oct 2005
Punjab,Mansa,Mansa,Local,Cereals,1.3,400,770,650,08 Oct 2005
Punjab,Mansa,Mansa,Local,Cereals,2.7,400,750,650,07 Oct 2005
Punjab,Mansa,Mansa,Local,Cereals,0.7,420,450,420,06 Oct 2005
Punjab,Mansa,Mansa,Local,Cereals,1.1,400,710,675,05 Oct 2005
Punjab,Mansa,Mansa,Local,Cereals,2.5,400,770,550,04 Oct 2005
Punjab,Mansa,Mansa,Local,Cereals,1.6,450,765,700,03 Oct 2005
Punjab,Mansa,Mansa,Local,Cereals,0.7,710,720,710,01 Oct 2005
Punjab,Mansa,Mansa,Local,Cereals,2.6,575,775,725,30 Sep 2005
Punjab,Mansa,Mansa,Local,Cereals,2.2,730,770,730,29 Sep 2005
Punjab,Mansa,Mansa,Local,Cereals,2.3,730,775,730,28 Sep 2005
Punjab,Mansa,Mansa,Local,Cereals,4.0,740,780,760,27 Sep 2005
Punjab,Mansa,Mansa,Local,Cereals,6.9,690,800,750,26 Sep 2005
Punjab,Mansa,Mansa,Local,Cereals,0.1,760,760,760,24 Sep 2005
Punjab,Mansa,Mansa,Local,Cereals,2.6,720,740,730,22 Sep 2005
Punjab,Mansa,Mansa,Local,Cereals,0.8,740,785,755,21 Sep 2005
Punjab,Mansa,Mansa,Local,Cereals,0.2,695,695,695,19 Sep 2005
Punjab,Mansa,Mansa,Local,Cereals,0.2,685,720,685,16 Sep 2005
Punjab,Mansa,Mansa,Local,Cereals,2.3,680,700,680,15 Sep 2005
Punjab,Mansa,Mansa,Local,Cereals,0.5,675,705,675,14 Sep 2005
Punjab,Mansa,Mansa,Local,Cereals,0.3,505,655,505,13 Sep 2005
Punjab,Mansa,Mansa,Local,Cereals,0.6,560,660,660,10 Sep 2005
Punjab,Mansa,Mansa,Local,Cereals,0.1,655,655,655,09 Sep 2005
Punjab,Mansa,Mansa,Local,Cereals,2.4,600,660,650,06 Sep 2005
Punjab,Mansa,Mansa,Local,Cereals,1.5,565,665,650,05 Sep 2005
Punjab,Mansa,Mansa,Local,Cereals,0.5,585,675,585,03 Sep 2005
Punjab,Mansa,Mansa,Local,Cereals,2.5,620,640,630,02 Sep 2005
Punjab,Mansa,Mansa,Local,Cereals,0.4,675,675,675,01 Sep 2005
Punjab,Sangrur,Sangrur,Local,Cereals,5.5,709,754,0,02 Apr 2007
Punjab,Sangrur,Sangrur,Bold,Cereals,200.0,500,800,650,21 Mar 2005
Punjab,Sangrur,Sunam,Bold,Cereals,30.0,640,670,660,01 Jul 2005
