State Name,District Name,Market Name,Variety,Group,Arrivals (Tonnes),Min Price (Rs./Quintal),Max Price (Rs./Quintal),Modal Price (Rs./Quintal),Reported Date
Punjab,Moga,Kot ise Khan,Other,Cereals,0.02,500,700,600,13 May 2011
Punjab,Moga,Kot ise Khan,Other,Cereals,0.02,1000,1010,1005,15 Nov 2010
Punjab,Moga,Kot ise Khan,Other,Cereals,0.03,1000,1010,1005,14 Nov 2010
Punjab,Moga,Kot ise Khan,Other,Cereals,0.02,1500,1510,1505,13 Nov 2010
Punjab,Moga,Kot ise Khan,Other,Cereals,0.01,1100,1120,1110,12 Nov 2010
Punjab,Moga,Kot ise Khan,Other,Cereals,0.02,1500,1510,1505,11 Nov 2010
Punjab,Moga,Kot ise Khan,Other,Cereals,0.02,1500,1510,1505,10 Nov 2010
Punjab,Moga,Kot ise Khan,Other,Cereals,0.02,1500,1510,1505,09 Nov 2010
Punjab,Moga,Kot ise Khan,Other,Cereals,0.02,1000,1010,1005,07 Nov 2010
Punjab,Moga,Kot ise Khan,Other,Cereals,0.03,1000,1010,1005,05 Nov 2010
Punjab,Moga,Kot ise Khan,Other,Cereals,0.02,1000,1010,1005,04 Nov 2010
Punjab,Moga,Kot ise Khan,Other,Cereals,0.02,1000,1010,1005,01 Nov 2010
Punjab,Moga,Kot ise Khan,Other,Cereals,0.03,1000,1010,1005,31 Oct 2010
Punjab,Moga,Kot ise Khan,Other,Cereals,0.02,1000,1020,1010,30 Oct 2010
Punjab,Moga,Kot ise Khan,Other,Cereals,0.02,1000,1010,1005,28 Oct 2010
Punjab,Moga,Kot ise Khan,Other,Cereals,0.02,1000,1010,1005,27 Oct 2010
Punjab,Moga,Kot ise Khan,Other,Cereals,0.03,1000,1010,1005,26 Oct 2010
Punjab,Jalandhar,Lohian Khas,Other,Cereals,0.2,1500,1600,1550,03 May 2010
Punjab,Jalandhar,Lohian Khas,Other,Cereals,0.1,300,400,350,06 Apr 2010
