State Name,District Name,Market Name,Variety,Group,Arrivals (Tonnes),Min Price (Rs./Quintal),Max Price (Rs./Quintal),Modal Price (Rs./Quintal),Reported Date
Punjab,Jalandhar,Adampur,Other,Cereals,"1,147.20",840,840,840,28 Sep 2008
Punjab,Jalandhar,Jalandhar Cantt.,Other,Cereals,32.80,980,980,980,02 Nov 2009
Punjab,Jalandhar,Lohian Khas,Other,Cereals,0.10,600,650,625,02 Apr 2009
Punjab,Jalandhar,Lohian Khas,Other,Cereals,0.10,600,800,700,27 Mar 2009
Punjab,Jalandhar,Lohian Khas,Other,Cereals,1.40,500,700,600,13 Mar 2009
Punjab,Mansa,Mansa,Other,Cereals,29.00,900,920,900,30 Jul 2009
Punjab,Mansa,Mansa,Other,Cereals,32.00,930,965,935,28 Jul 2009
Punjab,Mansa,Mansa,Other,Cereals,13.00,880,970,950,27 Jul 2009
Punjab,Mansa,Mansa,Other,Cereals,47.00,825,895,860,04 Jul 2009
Punjab,Mansa,Mansa,Other,Cereals,2.00,835,835,835,09 Feb 2009
Punjab,Bhatinda,Sangat,Other,Cereals,18.00,890,945,915,16 Apr 2008
Punjab,Bhatinda,Sangat,Other,Cereals,26.00,810,935,865,15 Apr 2008
Punjab,Bhatinda,Sangat,Other,Cereals,49.00,780,925,885,14 Apr 2008
