State Name,District Name,Market Name,Variety,Group,Arrivals (Tonnes),Min Price (Rs./Quintal),Max Price (Rs./Quintal),Modal Price (Rs./Quintal),Reported Date
Gujarat,Chhotaudepur,Bodeli,Ground Nut Oil,Oils and Fats,0.5,1500,1800,1650,17 Jul 2004
Gujarat,Chhotaudepur,Bodeli,Ground Nut Oil,Oils and Fats,1.5,1600,1687,1644,16 Jul 2004
Gujarat,Chhotaudepur,Bodeli,Ground Nut Oil,Oils and Fats,3.0,1661,1804,1733,14 Jul 2004
Gujarat,Chhotaudepur,Bodeli,Ground Nut Oil,Oils and Fats,2.0,1333,1612,1480,13 Jul 2004
Gujarat,Chhotaudepur,Bodeli,Ground Nut Oil,Oils and Fats,3.0,1333,1633,1483,12 Jul 2004
Gujarat,Chhotaudepur,Bodeli,Ground Nut Oil,Oils and Fats,5.0,1466,1600,1533,10 Jul 2004
Gujarat,Chhotaudepur,Bodeli,Ground Nut Oil,Oils and Fats,7.0,1460,1633,1550,09 Jul 2004
Gujarat,Chhotaudepur,Bodeli,Ground Nut Oil,Oils and Fats,8.0,1466,1517,1492,08 Jul 2004
Gujarat,Chhotaudepur,Bodeli,Ground Nut Oil,Oils and Fats,8.0,1400,1660,1530,07 Jul 2004
Gujarat,Chhotaudepur,Bodeli,Ground Nut Oil,Oils and Fats,42.0,1333,1750,1542,28 Jun 2004
Gujarat,Chhotaudepur,Bodeli,Ground Nut Oil,Oils and Fats,43.0,1333,1775,1553,26 Jun 2004
Gujarat,Chhotaudepur,Bodeli,Ground Nut Oil,Oils and Fats,48.0,1300,1775,1537,25 Jun 2004
Gujarat,Chhotaudepur,Bodeli,Ground Nut Oil,Oils and Fats,49.0,1333,1753,1543,24 Jun 2004
Gujarat,Chhotaudepur,Bodeli,Ground Nut Oil,Oils and Fats,45.0,1300,1775,1537,23 Jun 2004
Gujarat,Chhotaudepur,Bodeli,Ground Nut Oil,Oils and Fats,48.0,1300,1700,1500,21 Jun 2004
Gujarat,Chhotaudepur,Bodeli,Ground Nut Oil,Oils and Fats,50.0,1300,1700,1500,19 Jun 2004
Gujarat,Chhotaudepur,Bodeli,Ground Nut Oil,Oils and Fats,45.0,1200,1800,1500,18 Jun 2004
Gujarat,Chhotaudepur,Bodeli,Ground Nut Oil,Oils and Fats,12.0,1350,1810,1575,17 Jun 2004
Gujarat,Chhotaudepur,Bodeli,Ground Nut Oil,Oils and Fats,45.0,1300,1700,1500,16 Jun 2004
Gujarat,Chhotaudepur,Bodeli,Ground Nut Oil,Oils and Fats,75.0,1300,1700,1500,15 Jun 2004
Gujarat,Chhotaudepur,Bodeli,Ground Nut Oil,Oils and Fats,78.0,1300,1700,1500,14 Jun 2004
Gujarat,Chhotaudepur,Bodeli,Ground Nut Oil,Oils and Fats,50.0,1300,1833,1566,12 Jun 2004
Gujarat,Chhotaudepur,Bodeli,Ground Nut Oil,Oils and Fats,65.0,1233,1817,1525,11 Jun 2004
Gujarat,Chhotaudepur,Bodeli,Ground Nut Oil,Oils and Fats,120.0,1300,1800,1500,10 Jun 2004
Gujarat,Chhotaudepur,Bodeli,Ground Nut Oil,Oils and Fats,54.0,1300,1843,1500,09 Jun 2004
Gujarat,Chhotaudepur,Bodeli,Ground Nut Oil,Oils and Fats,145.0,1300,1800,1550,08 Jun 2004
Gujarat,Chhotaudepur,Bodeli,Ground Nut Oil,Oils and Fats,151.0,1300,1800,1500,07 Jun 2004
Gujarat,Chhotaudepur,Bodeli,Ground Nut Oil,Oils and Fats,150.0,1300,1750,1550,05 Jun 2004
Gujarat,Chhotaudepur,Bodeli,Ground Nut Oil,Oils and Fats,120.0,1310,1750,1550,04 Jun 2004
Gujarat,Chhotaudepur,Bodeli,Ground Nut Oil,Oils and Fats,115.0,1300,1800,1500,03 Jun 2004
Gujarat,Chhotaudepur,Bodeli,Ground Nut Oil,Oils and Fats,135.0,1333,1750,1500,01 Jun 2004
Gujarat,Chhotaudepur,Bodeli,Ground Nut Oil,Oils and Fats,138.0,1200,1700,1500,31 May 2004
Gujarat,Chhotaudepur,Bodeli,Ground Nut Oil,Oils and Fats,122.0,1400,1740,1580,29 May 2004
