State Name,District Name,Market Name,Variety,Group,Arrivals (Tonnes),Min Price (Rs./Quintal),Max Price (Rs./Quintal),Modal Price (Rs./Quintal),Reported Date
Gujarat,Junagarh,Bhesan,Other,Oils and Fats,0.20,3250,4010,3630,23 Sep 2014
Gujarat,Junagarh,Bhesan,Other,Oils and Fats,0.20,3500,4000,3750,19 Sep 2014
Gujarat,Junagarh,Bhesan,Other,Oils and Fats,0.60,3050,3900,3475,13 Sep 2014
Gujarat,Junagarh,Bhesan,Other,Oils and Fats,0.60,3500,4025,3760,09 Sep 2014
Gujarat,Junagarh,Bhesan,Other,Oils and Fats,3.60,4200,4800,4500,08 Sep 2014
Gujarat,Junagarh,Bhesan,Other,Oils and Fats,0.40,3250,3700,3475,05 Sep 2014
Gujarat,Junagarh,Bhesan,Other,Oils and Fats,0.40,3250,3800,3525,03 Sep 2014
Gujarat,Junagarh,Bhesan,Other,Oils and Fats,0.20,3500,3950,3725,29 Aug 2014
Gujarat,Junagarh,Bhesan,Other,Oils and Fats,0.20,3000,4000,3500,21 Aug 2014
Gujarat,Junagarh,Bhesan,Other,Oils and Fats,0.20,3060,3950,3505,14 Aug 2014
Gujarat,Junagarh,Bhesan,Other,Oils and Fats,0.40,3000,4000,3500,13 Aug 2014
Gujarat,Junagarh,Bhesan,Other,Oils and Fats,0.20,3300,4050,3675,12 Aug 2014
Gujarat,Junagarh,Bhesan,Other,Oils and Fats,0.20,3250,4000,3625,09 Aug 2014
Gujarat,Junagarh,Bhesan,Other,Oils and Fats,0.20,3000,3780,3390,08 Aug 2014
Gujarat,Junagarh,Bhesan,Other,Oils and Fats,0.20,3250,4000,3625,07 Aug 2014
Gujarat,Junagarh,Bhesan,Other,Oils and Fats,1.20,3250,4000,3625,05 Aug 2014
Gujarat,Junagarh,Bhesan,Other,Oils and Fats,1.80,3500,3900,3700,02 Aug 2014
Gujarat,Junagarh,Bhesan,Other,Oils and Fats,0.20,3060,4000,3530,31 Jul 2014
Gujarat,Junagarh,Bhesan,Other,Oils and Fats,0.40,3000,4050,3525,30 Jul 2014
Gujarat,Junagarh,Bhesan,Other,Oils and Fats,0.40,3750,4300,4025,29 Jul 2014
Gujarat,Junagarh,Bhesan,Other,Oils and Fats,1.00,3750,4350,4050,26 Jul 2014
Gujarat,Junagarh,Bhesan,Other,Oils and Fats,0.60,3750,4250,4000,25 Jul 2014
Gujarat,Junagarh,Bhesan,Other,Oils and Fats,0.40,3750,4100,3925,23 Jul 2014
Gujarat,Junagarh,Bhesan,Other,Oils and Fats,2.80,4000,4500,4250,22 Jul 2014
Gujarat,Junagarh,Bhesan,Other,Oils and Fats,0.20,3750,4400,4075,21 Jul 2014
Gujarat,Junagarh,Bhesan,Other,Oils and Fats,1.20,3560,4000,3780,19 Jul 2014
Gujarat,Junagarh,Bhesan,Other,Oils and Fats,4.00,3500,3750,3625,18 Jul 2014
Gujarat,Junagarh,Bhesan,Other,Oils and Fats,1.60,3500,4150,3825,17 Jul 2014
Gujarat,Junagarh,Bhesan,Other,Oils and Fats,0.60,3250,3900,3575,16 Jul 2014
Gujarat,Junagarh,Bhesan,Other,Oils and Fats,0.40,3500,3900,3700,15 Jul 2014
Gujarat,Junagarh,Bhesan,Other,Oils and Fats,"1,200.00",3500,4005,3750,14 Jul 2014
Gujarat,Junagarh,Bhesan,Other,Oils and Fats,1.20,3300,4010,3655,11 Jul 2014
Gujarat,Junagarh,Bhesan,Other,Oils and Fats,0.20,3350,3930,3615,10 Jul 2014
Gujarat,Junagarh,Bhesan,Other,Oils and Fats,0.60,3300,3850,3575,09 Jul 2014
Gujarat,Junagarh,Bhesan,Other,Oils and Fats,1.20,3250,3800,3525,08 Jul 2014
Gujarat,Junagarh,Bhesan,Other,Oils and Fats,0.40,3500,3950,3725,07 Jul 2014
Gujarat,Junagarh,Bhesan,Other,Oils and Fats,0.40,3500,3900,3700,04 Jul 2014
