State Name,District Name,Market Name,Variety,Group,Arrivals (Tonnes),Min Price (Rs./Quintal),Max Price (Rs./Quintal),Modal Price (Rs./Quintal),Reported Date
Gujarat,Panchmahals,Godhra,Ground Nut Seed,Oil Seeds,12.0,2800,3000,2900,05 Feb 2004
Gujarat,Rajkot,Gondal,Other,Oil Seeds,488.0,1885,2445,2305,31 Dec 2004
Gujarat,Rajkot,Gondal,Other,Oil Seeds,18.0,2250,2615,2515,29 Dec 2004
Gujarat,Rajkot,Gondal,Other,Oil Seeds,178.0,1860,2385,2290,28 Dec 2004
Gujarat,Rajkot,Gondal,Other,Oil Seeds,377.0,1950,2375,2325,27 Dec 2004
Gujarat,Rajkot,Gondal,Other,Oil Seeds,8.0,2225,2510,2425,24 Dec 2004
Gujarat,Rajkot,Gondal,Other,Oil Seeds,10.0,2250,2470,2400,23 Dec 2004
Gujarat,Rajkot,Gondal,Other,Oil Seeds,120.0,1900,2310,2135,21 Dec 2004
Gujarat,Rajkot,Gondal,Other,Oil Seeds,77.0,1755,2425,2285,20 Dec 2004
Gujarat,Rajkot,Gondal,Other,Oil Seeds,13.0,2125,2505,2370,18 Dec 2004
Gujarat,Rajkot,Gondal,Other,Oil Seeds,79.0,1880,2340,2250,17 Dec 2004
Gujarat,Rajkot,Gondal,Other,Oil Seeds,129.0,2000,2365,2205,16 Dec 2004
Gujarat,Rajkot,Gondal,Other,Oil Seeds,116.0,1900,2350,2295,15 Dec 2004
Gujarat,Rajkot,Gondal,Other,Oil Seeds,11.0,2150,2560,2455,14 Dec 2004
Gujarat,Rajkot,Gondal,Other,Oil Seeds,8.0,2250,2525,2450,13 Dec 2004
Gujarat,Rajkot,Gondal,Other,Oil Seeds,43.0,2300,2520,2450,11 Dec 2004
Gujarat,Rajkot,Gondal,Other,Oil Seeds,139.0,1750,2360,2210,10 Dec 2004
Gujarat,Rajkot,Gondal,Other,Oil Seeds,11.0,2165,2505,2425,09 Dec 2004
Gujarat,Rajkot,Gondal,Other,Oil Seeds,13.0,2250,2540,2450,08 Dec 2004
Gujarat,Rajkot,Gondal,Other,Oil Seeds,280.0,1750,2450,2355,07 Dec 2004
Gujarat,Rajkot,Gondal,Other,Oil Seeds,144.0,2055,2425,2375,06 Dec 2004
Gujarat,Rajkot,Gondal,Ground Nut Seed,Oil Seeds,47.0,1760,2505,2400,27 Nov 2004
Gujarat,Rajkot,Gondal,Ground Nut Seed,Oil Seeds,49.0,1655,2560,2380,26 Nov 2004
Gujarat,Rajkot,Gondal,Ground Nut Seed,Oil Seeds,168.0,1855,2505,2400,25 Nov 2004
Gujarat,Rajkot,Gondal,Ground Nut Seed,Oil Seeds,190.0,2110,2565,2400,24 Nov 2004
Gujarat,Rajkot,Gondal,Ground Nut Seed,Oil Seeds,145.0,2080,2595,2510,23 Nov 2004
Gujarat,Rajkot,Gondal,Ground Nut Seed,Oil Seeds,180.0,1875,2600,2275,22 Nov 2004
Gujarat,Rajkot,Gondal,Ground Nut Seed,Oil Seeds,140.0,1910,2555,2300,20 Nov 2004
Gujarat,Rajkot,Gondal,Ground Nut Seed,Oil Seeds,370.0,1755,2505,2350,19 Nov 2004
Gujarat,Rajkot,Gondal,Ground Nut Seed,Oil Seeds,283.0,1750,2540,2375,17 Nov 2004
Gujarat,Rajkot,Gondal,Ground Nut Seed,Oil Seeds,116.0,1865,2515,2250,10 Nov 2004
Gujarat,Rajkot,Gondal,Ground Nut Seed,Oil Seeds,384.0,1500,2495,2250,09 Nov 2004
Gujarat,Rajkot,Gondal,Ground Nut Seed,Oil Seeds,175.0,1730,2495,2300,08 Nov 2004
Gujarat,Rajkot,Gondal,Ground Nut Seed,Oil Seeds,334.0,1725,2515,2200,06 Nov 2004
Gujarat,Rajkot,Gondal,Ground Nut Seed,Oil Seeds,170.0,1750,2525,2150,05 Nov 2004
Gujarat,Rajkot,Gondal,Ground Nut Seed,Oil Seeds,186.0,1805,2375,2105,04 Nov 2004
Gujarat,Rajkot,Gondal,Ground Nut Seed,Oil Seeds,216.0,1855,2575,2205,03 Nov 2004
Gujarat,Rajkot,Gondal,Ground Nut Seed,Oil Seeds,106.0,1625,2400,2255,02 Nov 2004
Gujarat,Rajkot,Gondal,Ground Nut Seed,Oil Seeds,266.0,1975,2430,2175,01 Nov 2004
Gujarat,Rajkot,Gondal,Ground Nut Seed,Oil Seeds,265.0,1485,2425,2200,30 Oct 2004
Gujarat,Rajkot,Gondal,Ground Nut Seed,Oil Seeds,89.0,1730,2405,2250,29 Oct 2004
Gujarat,Rajkot,Gondal,Ground Nut Seed,Oil Seeds,264.0,1500,2405,1975,28 Oct 2004
Gujarat,Rajkot,Gondal,Ground Nut Seed,Oil Seeds,71.0,1860,2360,2235,27 Oct 2004
Gujarat,Rajkot,Gondal,Ground Nut Seed,Oil Seeds,476.0,1655,2045,1850,25 Oct 2004
Gujarat,Rajkot,Gondal,Ground Nut Seed,Oil Seeds,179.0,1255,2280,1875,23 Oct 2004
Gujarat,Rajkot,Gondal,Ground Nut Seed,Oil Seeds,171.0,1720,2400,2345,21 Oct 2004
Gujarat,Rajkot,Gondal,Ground Nut Seed,Oil Seeds,122.0,1875,2395,2300,20 Oct 2004
Gujarat,Rajkot,Gondal,Ground Nut Seed,Oil Seeds,424.0,1575,2300,1895,18 Oct 2004
Gujarat,Rajkot,Gondal,Ground Nut Seed,Oil Seeds,153.0,1575,2370,2235,16 Oct 2004
Gujarat,Rajkot,Gondal,Ground Nut Seed,Oil Seeds,219.0,1655,2420,2105,15 Oct 2004
Gujarat,Rajkot,Gondal,Ground Nut Seed,Oil Seeds,148.0,1465,2400,2145,14 Oct 2004
Gujarat,Rajkot,Gondal,Ground Nut Seed,Oil Seeds,302.0,1405,2400,2175,12 Oct 2004
Gujarat,Rajkot,Gondal,Ground Nut Seed,Oil Seeds,129.0,1370,2425,2200,11 Oct 2004
Gujarat,Rajkot,Gondal,Ground Nut Seed,Oil Seeds,152.0,1250,2560,2400,09 Oct 2004
Gujarat,Rajkot,Gondal,Ground Nut Seed,Oil Seeds,130.0,1655,2560,2400,08 Oct 2004
Gujarat,Rajkot,Gondal,Ground Nut Seed,Oil Seeds,16.0,2415,2615,2530,07 Oct 2004
Gujarat,Rajkot,Gondal,Ground Nut Seed,Oil Seeds,230.0,1700,2450,2225,06 Oct 2004
Gujarat,Rajkot,Gondal,Ground Nut Seed,Oil Seeds,14.0,2350,2575,2540,05 Oct 2004
Gujarat,Rajkot,Gondal,Ground Nut Seed,Oil Seeds,137.0,1625,2455,2250,04 Oct 2004
Gujarat,Rajkot,Gondal,Ground Nut Seed,Oil Seeds,157.0,1740,2460,2300,02 Oct 2004
Gujarat,Rajkot,Gondal,Ground Nut Seed,Oil Seeds,6.0,2510,2640,2535,01 Oct 2004
Gujarat,Rajkot,Gondal,Ground Nut Seed,Oil Seeds,20.0,2475,2650,2500,30 Sep 2004
Gujarat,Rajkot,Gondal,Ground Nut Seed,Oil Seeds,11.0,2425,2625,2575,29 Sep 2004
Gujarat,Rajkot,Gondal,Ground Nut Seed,Oil Seeds,22.0,2205,2560,2525,28 Sep 2004
Gujarat,Rajkot,Gondal,Ground Nut Seed,Oil Seeds,15.0,2450,2575,2525,27 Sep 2004
Gujarat,Rajkot,Gondal,Ground Nut Seed,Oil Seeds,15.0,2250,2575,2535,24 Sep 2004
Gujarat,Rajkot,Gondal,Ground Nut Seed,Oil Seeds,9.0,2475,2585,2510,23 Sep 2004
Gujarat,Rajkot,Gondal,Ground Nut Seed,Oil Seeds,11.0,2395,2560,2520,21 Sep 2004
Gujarat,Rajkot,Gondal,Ground Nut Seed,Oil Seeds,80.0,2150,2610,2525,20 Sep 2004
Gujarat,Rajkot,Gondal,Ground Nut Seed,Oil Seeds,30.0,1625,2450,2325,18 Sep 2004
Gujarat,Rajkot,Gondal,Ground Nut Seed,Oil Seeds,45.0,2350,2575,2550,17 Sep 2004
Gujarat,Rajkot,Gondal,Ground Nut Seed,Oil Seeds,33.0,2480,2645,2575,15 Sep 2004
Gujarat,Rajkot,Gondal,Ground Nut Seed,Oil Seeds,20.0,2450,2560,2500,11 Sep 2004
Gujarat,Rajkot,Gondal,Ground Nut Seed,Oil Seeds,27.0,2425,2555,2445,10 Sep 2004
Gujarat,Rajkot,Gondal,Ground Nut Seed,Oil Seeds,46.0,2250,2450,2400,03 Sep 2004
Gujarat,Rajkot,Gondal,Ground Nut Seed,Oil Seeds,40.0,2250,2575,2425,02 Sep 2004
Gujarat,Rajkot,Gondal,Ground Nut Seed,Oil Seeds,76.0,2025,2475,2385,01 Sep 2004
Gujarat,Rajkot,Gondal,Ground Nut Seed,Oil Seeds,87.0,2525,2625,2550,31 Aug 2004
Gujarat,Rajkot,Gondal,Ground Nut Seed,Oil Seeds,28.0,2500,2655,2575,27 Aug 2004
Gujarat,Rajkot,Gondal,Ground Nut Seed,Oil Seeds,19.0,2500,2590,2575,24 Aug 2004
Gujarat,Rajkot,Gondal,Ground Nut Seed,Oil Seeds,40.0,2450,2650,2525,21 Aug 2004
Gujarat,Rajkot,Gondal,Ground Nut Seed,Oil Seeds,76.0,2500,2720,2590,17 Aug 2004
Gujarat,Rajkot,Gondal,Ground Nut Seed,Oil Seeds,38.0,2475,2640,2575,13 Aug 2004
Gujarat,Rajkot,Gondal,Ground Nut Seed,Oil Seeds,37.0,2470,2600,2500,12 Aug 2004
Gujarat,Rajkot,Gondal,Ground Nut Seed,Oil Seeds,78.0,2450,2585,2510,11 Aug 2004
Gujarat,Rajkot,Gondal,Ground Nut Seed,Oil Seeds,84.0,2475,2625,2575,09 Aug 2004
Gujarat,Rajkot,Gondal,Ground Nut Seed,Oil Seeds,32.0,2500,2650,2590,06 Aug 2004
Gujarat,Rajkot,Gondal,Ground Nut Seed,Oil Seeds,84.0,2475,2650,2525,03 Aug 2004
Gujarat,Rajkot,Gondal,Ground Nut Seed,Oil Seeds,53.0,2600,2775,2675,30 Jul 2004
Gujarat,Rajkot,Gondal,Ground Nut Seed,Oil Seeds,144.0,2625,2860,2725,28 Jul 2004
Gujarat,Rajkot,Gondal,Ground Nut Seed,Oil Seeds,160.0,2500,2750,2610,24 Jul 2004
Gujarat,Jamnagar,Jam Jodhpur,Ground Nut Seed,Oil Seeds,0.3,2125,2250,2200,31 Dec 2004
Gujarat,Jamnagar,Jam Jodhpur,Ground Nut Seed,Oil Seeds,0.16,2175,2225,2200,30 Dec 2004
Gujarat,Jamnagar,Jam Jodhpur,Ground Nut Seed,Oil Seeds,0.32,2175,2275,2200,29 Dec 2004
Gujarat,Rajkot,Jamkandorna,Ground Nut Seed,Oil Seeds,0.4,2375,2375,2375,27 Dec 2004
Gujarat,Rajkot,Jamkandorna,Ground Nut Seed,Oil Seeds,0.2,2330,2400,2350,23 Dec 2004
Gujarat,Rajkot,Jamkandorna,Ground Nut Seed,Oil Seeds,0.04,2355,2400,2375,18 Dec 2004
Gujarat,Rajkot,Jamkandorna,Ground Nut Seed,Oil Seeds,0.02,2425,2425,2425,17 Dec 2004
Gujarat,Rajkot,Jamkandorna,Ground Nut Seed,Oil Seeds,0.04,2856,2856,2856,15 Dec 2004
Gujarat,Rajkot,Jamkandorna,Ground Nut Seed,Oil Seeds,0.02,2400,2400,2400,14 Dec 2004
Gujarat,Rajkot,Jamkandorna,Ground Nut Seed,Oil Seeds,0.12,2375,2505,2500,11 Dec 2004
Gujarat,Rajkot,Jamkandorna,Ground Nut Seed,Oil Seeds,0.04,2250,2375,2325,10 Dec 2004
Gujarat,Rajkot,Jamkandorna,Ground Nut Seed,Oil Seeds,0.01,2510,2605,2550,06 Dec 2004
Gujarat,Rajkot,Jamkandorna,Ground Nut Seed,Oil Seeds,0.02,2255,2500,2300,03 Dec 2004
Gujarat,Rajkot,Jamkandorna,Ground Nut Seed,Oil Seeds,0.2,2505,2550,2525,02 Dec 2004
Gujarat,Rajkot,Jetpur(Dist.Rajkot),Other,Oil Seeds,0.2,2275,2510,2400,28 Dec 2004
Gujarat,Rajkot,Jetpur(Dist.Rajkot),Other,Oil Seeds,0.05,2175,2505,2375,27 Dec 2004
Gujarat,Junagarh,Junagadh,Ground Nut Seed,Oil Seeds,0.2,2250,2490,2400,02 Nov 2004
Gujarat,Junagarh,Junagadh,Ground Nut Seed,Oil Seeds,0.4,2300,2485,2360,01 Nov 2004
Gujarat,Junagarh,Junagadh,Ground Nut Seed,Oil Seeds,0.4,2250,2450,2375,30 Oct 2004
Gujarat,Junagarh,Junagadh,Ground Nut Seed,Oil Seeds,0.5,2300,2515,2425,28 Oct 2004
Gujarat,Junagarh,Junagadh,Ground Nut Seed,Oil Seeds,0.2,2125,2440,2350,19 Oct 2004
Gujarat,Junagarh,Junagadh,Ground Nut Seed,Oil Seeds,0.3,2250,2450,2350,16 Oct 2004
Gujarat,Junagarh,Junagadh,Ground Nut Seed,Oil Seeds,0.5,2300,2455,2400,15 Oct 2004
Gujarat,Junagarh,Junagadh,Ground Nut Seed,Oil Seeds,0.8,2250,2510,2450,14 Oct 2004
Gujarat,Junagarh,Junagadh,Ground Nut Seed,Oil Seeds,0.4,2250,2560,2490,13 Oct 2004
Gujarat,Junagarh,Junagadh,Ground Nut Seed,Oil Seeds,0.9,2300,2560,2500,12 Oct 2004
Gujarat,Junagarh,Junagadh,Ground Nut Seed,Oil Seeds,0.4,2400,2525,2500,11 Oct 2004
Gujarat,Junagarh,Junagadh,Ground Nut Seed,Oil Seeds,1.5,2275,2575,2350,09 Oct 2004
Gujarat,Junagarh,Junagadh,Ground Nut Seed,Oil Seeds,0.4,2250,2540,2275,08 Oct 2004
Gujarat,Junagarh,Junagadh,Ground Nut Seed,Oil Seeds,0.3,2500,2680,2550,07 Oct 2004
Gujarat,Junagarh,Junagadh,Ground Nut Seed,Oil Seeds,1.0,2415,2615,2515,06 Oct 2004
Gujarat,Junagarh,Junagadh,Ground Nut Seed,Oil Seeds,0.2,2250,2500,2375,05 Oct 2004
Gujarat,Junagarh,Junagadh,Ground Nut Seed,Oil Seeds,0.4,2250,2470,2350,04 Oct 2004
Gujarat,Junagarh,Junagadh,Ground Nut Seed,Oil Seeds,0.7,2350,2525,2450,01 Oct 2004
Gujarat,Junagarh,Junagadh,Ground Nut Seed,Oil Seeds,0.6,2450,2575,2525,30 Sep 2004
Gujarat,Junagarh,Junagadh,Ground Nut Seed,Oil Seeds,0.3,2500,2575,2550,29 Sep 2004
Gujarat,Junagarh,Junagadh,Ground Nut Seed,Oil Seeds,0.5,2375,2595,2475,28 Sep 2004
Gujarat,Junagarh,Junagadh,Ground Nut Seed,Oil Seeds,0.5,2400,2590,2525,27 Sep 2004
Gujarat,Junagarh,Junagadh,Ground Nut Seed,Oil Seeds,0.4,2400,2545,2475,25 Sep 2004
Gujarat,Junagarh,Junagadh,Ground Nut Seed,Oil Seeds,1.0,2400,2585,2525,24 Sep 2004
Gujarat,Junagarh,Junagadh,Ground Nut Seed,Oil Seeds,1.1,2200,2550,2350,23 Sep 2004
Gujarat,Junagarh,Junagadh,Ground Nut Seed,Oil Seeds,1.5,2225,2515,2375,22 Sep 2004
Gujarat,Junagarh,Junagadh,Ground Nut Seed,Oil Seeds,0.9,2200,2525,2425,21 Sep 2004
Gujarat,Junagarh,Junagadh,Ground Nut Seed,Oil Seeds,1.8,2375,2525,2450,20 Sep 2004
Gujarat,Junagarh,Junagadh,Ground Nut Seed,Oil Seeds,2.2,2375,2460,2400,17 Sep 2004
Gujarat,Junagarh,Junagadh,Ground Nut Seed,Oil Seeds,0.8,2350,2500,2425,16 Sep 2004
Gujarat,Junagarh,Junagadh,Ground Nut Seed,Oil Seeds,2.0,2200,2500,2325,15 Sep 2004
Gujarat,Junagarh,Junagadh,Ground Nut Seed,Oil Seeds,1.0,2525,2645,2575,14 Sep 2004
Gujarat,Junagarh,Junagadh,Ground Nut Seed,Oil Seeds,0.7,2300,2525,2450,13 Sep 2004
Gujarat,Junagarh,Junagadh,Ground Nut Seed,Oil Seeds,0.1,2400,2690,2500,04 Sep 2004
Gujarat,Junagarh,Junagadh,Ground Nut Seed,Oil Seeds,0.4,2250,2520,2450,03 Sep 2004
Gujarat,Junagarh,Junagadh,Ground Nut Seed,Oil Seeds,1.8,2350,2600,2450,02 Sep 2004
Gujarat,Junagarh,Junagadh,Ground Nut Seed,Oil Seeds,2.5,2650,2900,2700,01 Sep 2004
Gujarat,Junagarh,Junagadh,Ground Nut Seed,Oil Seeds,2.1,2500,2825,2700,31 Aug 2004
Gujarat,Junagarh,Junagadh,Ground Nut Seed,Oil Seeds,1.7,2250,2775,2550,28 Aug 2004
Gujarat,Junagarh,Junagadh,Ground Nut Seed,Oil Seeds,0.9,2500,2725,2625,27 Aug 2004
Gujarat,Junagarh,Junagadh,Ground Nut Seed,Oil Seeds,1.0,2625,2940,2850,26 Aug 2004
Gujarat,Junagarh,Junagadh,Ground Nut Seed,Oil Seeds,2.1,2700,2900,2800,25 Aug 2004
Gujarat,Junagarh,Junagadh,Ground Nut Seed,Oil Seeds,2.0,2700,2925,2800,24 Aug 2004
Gujarat,Junagarh,Junagadh,Ground Nut Seed,Oil Seeds,1.3,2625,2900,2750,21 Aug 2004
Gujarat,Junagarh,Junagadh,Ground Nut Seed,Oil Seeds,1.2,2575,2890,2750,19 Aug 2004
Gujarat,Junagarh,Junagadh,Ground Nut Seed,Oil Seeds,1.2,2500,2920,2600,18 Aug 2004
Gujarat,Junagarh,Junagadh,Ground Nut Seed,Oil Seeds,13.0,2515,2865,2650,16 Aug 2004
Gujarat,Junagarh,Junagadh,Ground Nut Seed,Oil Seeds,1.0,2530,2930,2690,14 Aug 2004
Gujarat,Junagarh,Junagadh,Ground Nut Seed,Oil Seeds,1.7,2525,2950,2650,13 Aug 2004
Gujarat,Junagarh,Junagadh,Ground Nut Seed,Oil Seeds,2.2,2500,2865,2625,12 Aug 2004
Gujarat,Junagarh,Junagadh,Ground Nut Seed,Oil Seeds,1.5,2475,2695,2575,11 Aug 2004
Gujarat,Junagarh,Junagadh,Ground Nut Seed,Oil Seeds,2.5,2500,2920,2675,10 Aug 2004
Gujarat,Junagarh,Junagadh,Ground Nut Seed,Oil Seeds,1.2,2500,2850,2700,09 Aug 2004
Gujarat,Junagarh,Junagadh,Ground Nut Seed,Oil Seeds,1.1,2550,2830,2625,07 Aug 2004
Gujarat,Junagarh,Junagadh,Ground Nut Seed,Oil Seeds,1.1,2550,2860,2700,06 Aug 2004
Gujarat,Junagarh,Junagadh,Ground Nut Seed,Oil Seeds,2.3,2500,2895,2700,05 Aug 2004
Gujarat,Junagarh,Junagadh,Ground Nut Seed,Oil Seeds,0.8,2505,2625,2565,04 Aug 2004
Gujarat,Junagarh,Junagadh,Ground Nut Seed,Oil Seeds,3.4,2400,2800,2625,03 Aug 2004
Gujarat,Junagarh,Junagadh,Ground Nut Seed,Oil Seeds,0.8,2560,2615,2585,31 Jul 2004
Gujarat,Junagarh,Junagadh,Ground Nut Seed,Oil Seeds,2.0,2550,2665,2600,30 Jul 2004
Gujarat,Junagarh,Junagadh,Ground Nut Seed,Oil Seeds,1.9,2650,2765,2725,29 Jul 2004
Gujarat,Junagarh,Junagadh,Ground Nut Seed,Oil Seeds,4.4,2550,2825,2660,28 Jul 2004
Gujarat,Junagarh,Junagadh,Ground Nut Seed,Oil Seeds,6.6,2500,2850,2725,27 Jul 2004
Gujarat,Junagarh,Junagadh,Ground Nut Seed,Oil Seeds,2.1,2500,2720,2650,26 Jul 2004
Gujarat,Junagarh,Junagadh,Ground Nut Seed,Oil Seeds,2.8,2500,2695,2625,24 Jul 2004
Gujarat,Junagarh,Junagadh,Ground Nut Seed,Oil Seeds,4.1,2550,2800,2675,23 Jul 2004
Gujarat,Junagarh,Junagadh,Ground Nut Seed,Oil Seeds,2.5,2575,2725,2650,22 Jul 2004
Gujarat,Junagarh,Junagadh,Ground Nut Seed,Oil Seeds,1.9,2505,2670,2590,21 Jul 2004
Gujarat,Junagarh,Junagadh,Ground Nut Seed,Oil Seeds,9.8,2400,2675,2550,20 Jul 2004
Gujarat,Junagarh,Junagadh,Ground Nut Seed,Oil Seeds,5.4,2485,2650,2565,19 Jul 2004
Gujarat,Junagarh,Junagadh,Ground Nut Seed,Oil Seeds,5.7,2425,2700,2550,17 Jul 2004
Gujarat,Junagarh,Junagadh,Ground Nut Seed,Oil Seeds,4.7,2400,2675,2585,16 Jul 2004
Gujarat,Junagarh,Junagadh,Ground Nut Seed,Oil Seeds,10.2,2400,2675,2520,15 Jul 2004
Gujarat,Junagarh,Junagadh,Ground Nut Seed,Oil Seeds,7.9,2425,2605,2550,14 Jul 2004
Gujarat,Junagarh,Junagadh,Ground Nut Seed,Oil Seeds,10.7,2300,2670,2475,13 Jul 2004
Gujarat,Junagarh,Junagadh,Ground Nut Seed,Oil Seeds,8.4,2450,2625,2540,12 Jul 2004
Gujarat,Junagarh,Junagadh,Ground Nut Seed,Oil Seeds,15.0,2400,2605,2510,10 Jul 2004
Gujarat,Junagarh,Junagadh,Ground Nut Seed,Oil Seeds,12.1,2375,2565,2450,09 Jul 2004
Gujarat,Junagarh,Junagadh,Ground Nut Seed,Oil Seeds,35.7,2350,2540,2425,07 Jul 2004
Gujarat,Junagarh,Junagadh,Ground Nut Seed,Oil Seeds,33.8,2500,2605,2550,03 Jul 2004
Gujarat,Junagarh,Junagadh,Ground Nut Seed,Oil Seeds,2.0,2500,2770,2635,02 Jul 2004
Gujarat,Junagarh,Junagadh,Ground Nut Seed,Oil Seeds,28.9,2450,2610,2535,01 Jul 2004
Gujarat,Junagarh,Junagadh,Ground Nut Seed,Oil Seeds,31.4,2100,2600,2350,30 Jun 2004
Gujarat,Junagarh,Junagadh,Ground Nut Seed,Oil Seeds,42.3,2400,2610,2525,29 Jun 2004
Gujarat,Junagarh,Junagadh,Ground Nut Seed,Oil Seeds,41.0,2440,2590,2500,28 Jun 2004
Gujarat,Junagarh,Junagadh,Ground Nut Seed,Oil Seeds,46.5,2350,2590,2475,26 Jun 2004
Gujarat,Junagarh,Junagadh,Ground Nut Seed,Oil Seeds,97.5,2400,2535,2450,25 Jun 2004
Gujarat,Junagarh,Junagadh,Ground Nut Seed,Oil Seeds,64.5,2400,2655,2475,24 Jun 2004
Gujarat,Junagarh,Junagadh,Ground Nut Seed,Oil Seeds,55.8,2450,2710,2535,23 Jun 2004
Gujarat,Junagarh,Junagadh,Ground Nut Seed,Oil Seeds,82.5,1350,2650,2470,22 Jun 2004
Gujarat,Junagarh,Junagadh,Ground Nut Seed,Oil Seeds,50.5,2375,2580,2460,21 Jun 2004
Gujarat,Junagarh,Junagadh,Ground Nut Seed,Oil Seeds,22.4,2300,2850,2420,18 Jun 2004
Gujarat,Junagarh,Junagadh,Ground Nut Seed,Oil Seeds,6.4,2250,2575,2425,16 Jun 2004
Gujarat,Junagarh,Junagadh,Ground Nut Seed,Oil Seeds,4.6,2300,2605,2450,15 Jun 2004
Gujarat,Junagarh,Junagadh,Ground Nut Seed,Oil Seeds,3.2,2315,2435,2375,14 Jun 2004
Gujarat,Junagarh,Junagadh,Ground Nut Seed,Oil Seeds,2.5,2250,2425,2325,11 Jun 2004
Gujarat,Junagarh,Junagadh,Ground Nut Seed,Oil Seeds,3.2,2200,2520,2375,10 Jun 2004
Gujarat,Junagarh,Junagadh,Ground Nut Seed,Oil Seeds,4.5,2250,2520,2350,09 Jun 2004
Gujarat,Junagarh,Junagadh,Ground Nut Seed,Oil Seeds,2.1,2250,2555,2385,08 Jun 2004
Gujarat,Junagarh,Junagadh,Ground Nut Seed,Oil Seeds,6.0,2350,2575,2405,07 Jun 2004
Gujarat,Junagarh,Junagadh,Ground Nut Seed,Oil Seeds,3.0,2355,2545,2400,05 Jun 2004
Gujarat,Junagarh,Junagadh,Ground Nut Seed,Oil Seeds,2.5,2250,2550,2450,04 Jun 2004
Gujarat,Junagarh,Junagadh,Ground Nut Seed,Oil Seeds,6.0,2355,2735,2425,03 Jun 2004
Gujarat,Junagarh,Junagadh,Ground Nut Seed,Oil Seeds,4.7,2300,2490,2350,02 Jun 2004
Gujarat,Junagarh,Junagadh,Ground Nut Seed,Oil Seeds,2.5,2300,2425,2350,01 Jun 2004
Gujarat,Junagarh,Junagadh,Ground Nut Seed,Oil Seeds,3.2,2350,2625,2450,31 May 2004
Gujarat,Junagarh,Junagadh,Ground Nut Seed,Oil Seeds,2.0,2320,2665,2490,28 May 2004
Gujarat,Junagarh,Junagadh,Ground Nut Seed,Oil Seeds,3.2,2250,2505,2425,27 May 2004
Gujarat,Junagarh,Junagadh,Ground Nut Seed,Oil Seeds,3.2,2370,2455,2410,26 May 2004
Gujarat,Junagarh,Junagadh,Ground Nut Seed,Oil Seeds,8.0,2375,2580,2450,25 May 2004
Gujarat,Junagarh,Junagadh,Ground Nut Seed,Oil Seeds,1.2,2350,2550,2450,19 May 2004
Gujarat,Junagarh,Junagadh,Ground Nut Seed,Oil Seeds,1.1,2300,2550,2475,18 May 2004
Gujarat,Junagarh,Junagadh,Ground Nut Seed,Oil Seeds,1.5,2350,2580,2500,17 May 2004
Gujarat,Junagarh,Junagadh,Ground Nut Seed,Oil Seeds,0.8,2500,2750,2600,15 May 2004
Gujarat,Junagarh,Junagadh,Ground Nut Seed,Oil Seeds,0.6,2350,2535,2400,14 May 2004
Gujarat,Junagarh,Junagadh,Ground Nut Seed,Oil Seeds,1.0,2500,2845,2650,13 May 2004
Gujarat,Junagarh,Junagadh,Ground Nut Seed,Oil Seeds,0.5,1625,1875,1700,22 Oct 2003
Gujarat,Junagarh,Junagadh,Ground Nut Seed,Oil Seeds,0.3,1750,2050,1900,15 Oct 2003
Gujarat,Junagarh,Junagadh,Ground Nut Seed,Oil Seeds,0.2,1750,2000,1875,14 Oct 2003
Gujarat,Junagarh,Junagadh,Ground Nut Seed,Oil Seeds,0.4,1825,2075,1975,10 Oct 2003
Gujarat,Junagarh,Junagadh,Ground Nut Seed,Oil Seeds,0.5,2150,2520,2400,10 Sep 2003
Gujarat,Junagarh,Junagadh,Ground Nut Seed,Oil Seeds,1.5,2025,2400,2250,09 Sep 2003
Gujarat,Junagarh,Junagadh,Ground Nut Seed,Oil Seeds,0.5,1775,2025,1900,10 Aug 2003
Gujarat,Junagarh,Junagadh,Ground Nut Seed,Oil Seeds,12.0,590,633,625,09 Jul 2003
Gujarat,Junagarh,Junagadh,Ground Nut Seed,Oil Seeds,20.4,570,647,600,21 Jun 2003
Gujarat,Junagarh,Junagadh,Ground Nut Seed,Oil Seeds,2.1,600,698,620,20 Jun 2003
Gujarat,Junagarh,Junagadh,Ground Nut Seed,Oil Seeds,4.0,580,628,610,18 Jun 2003
Gujarat,Junagarh,Junagadh,Ground Nut Seed,Oil Seeds,2.2,550,572,560,14 Jun 2003
Gujarat,Junagarh,Junagadh,Ground Nut Seed,Oil Seeds,6.6,560,600,575,13 Jun 2003
Gujarat,Junagarh,Junagadh,Ground Nut Seed,Oil Seeds,4.4,625,641,630,19 Apr 2003
Gujarat,Jamnagar,Kalawad,Ground Nut Seed,Oil Seeds,1.0,2250,2485,2367,30 Jun 2004
Gujarat,Jamnagar,Kalawad,Ground Nut Seed,Oil Seeds,1.0,2275,2500,2387,29 Jun 2004
Gujarat,Jamnagar,Kalawad,Ground Nut Seed,Oil Seeds,0.64,2250,2450,2350,28 Jun 2004
Gujarat,Jamnagar,Kalawad,Ground Nut Seed,Oil Seeds,1.0,2250,2500,2375,26 Jun 2004
Gujarat,Jamnagar,Kalawad,Ground Nut Seed,Oil Seeds,1.2,2300,2525,2412,25 Jun 2004
Gujarat,Jamnagar,Kalawad,Ground Nut Seed,Oil Seeds,0.8,2300,2550,2425,24 Jun 2004
Gujarat,Jamnagar,Kalawad,Ground Nut Seed,Oil Seeds,0.24,2000,2240,2120,22 Sep 2003
Gujarat,Jamnagar,Kalawad,Ground Nut Seed,Oil Seeds,0.32,1880,2255,2067,15 Sep 2003
Gujarat,Jamnagar,Kalawad,Ground Nut Seed,Oil Seeds,0.32,2010,2290,2150,13 Sep 2003
Gujarat,Jamnagar,Kalawad,Ground Nut Seed,Oil Seeds,0.4,1835,2200,2017,30 Aug 2003
Gujarat,Jamnagar,Kalawad,Ground Nut Seed,Oil Seeds,0.24,2045,2250,2147,29 Aug 2003
Gujarat,Jamnagar,Kalawad,Ground Nut Seed,Oil Seeds,0.7,1850,2305,2077,28 Aug 2003
Gujarat,Jamnagar,Kalawad,Ground Nut Seed,Oil Seeds,0.56,1800,2400,2100,14 Aug 2003
Gujarat,Jamnagar,Kalawad,Ground Nut Seed,Oil Seeds,0.24,1850,2400,2125,13 Aug 2003
Gujarat,Jamnagar,Kalawad,Ground Nut Seed,Oil Seeds,0.24,2320,2610,2465,02 Aug 2003
Gujarat,Jamnagar,Kalawad,Ground Nut Seed,Oil Seeds,0.24,2125,2605,2365,31 Jul 2003
Gujarat,Jamnagar,Kalawad,Ground Nut Seed,Oil Seeds,0.56,2325,2650,2487,30 Jul 2003
Gujarat,Jamnagar,Kalawad,Ground Nut Seed,Oil Seeds,0.8,2400,2680,2540,29 Jul 2003
Gujarat,Jamnagar,Kalawad,Ground Nut Seed,Oil Seeds,0.4,2325,2650,2487,26 Jul 2003
Gujarat,Jamnagar,Kalawad,Ground Nut Seed,Oil Seeds,0.32,2300,2630,2465,23 Jul 2003
Gujarat,Jamnagar,Kalawad,Ground Nut Seed,Oil Seeds,0.32,2450,2655,2552,21 Jul 2003
Gujarat,Jamnagar,Kalawad,Ground Nut Seed,Oil Seeds,0.4,2600,2700,2650,16 Jul 2003
Gujarat,Jamnagar,Kalawad,Ground Nut Seed,Oil Seeds,0.64,2600,2750,2675,15 Jul 2003
Gujarat,Jamnagar,Kalawad,Ground Nut Seed,Oil Seeds,0.56,2650,2810,2730,14 Jul 2003
Gujarat,Jamnagar,Kalawad,Ground Nut Seed,Oil Seeds,0.56,2650,2875,2762,12 Jul 2003
Gujarat,Jamnagar,Kalawad,Ground Nut Seed,Oil Seeds,0.96,2700,2825,2762,11 Jul 2003
Gujarat,Jamnagar,Kalawad,Ground Nut Seed,Oil Seeds,0.96,2750,2950,2850,10 Jul 2003
Gujarat,Jamnagar,Kalawad,Ground Nut Seed,Oil Seeds,0.64,2760,3025,2892,07 Jul 2003
Gujarat,Jamnagar,Kalawad,Ground Nut Seed,Oil Seeds,0.64,2700,3050,2875,05 Jul 2003
Gujarat,Jamnagar,Kalawad,Ground Nut Seed,Oil Seeds,0.56,2750,3075,2912,04 Jul 2003
Gujarat,Jamnagar,Kalawad,Ground Nut Seed,Oil Seeds,0.4,2700,3100,2900,03 Jul 2003
Gujarat,Jamnagar,Kalawad,Ground Nut Seed,Oil Seeds,0.8,2750,3065,2907,30 Jun 2003
Gujarat,Jamnagar,Kalawad,Ground Nut Seed,Oil Seeds,0.4,2700,3035,2867,28 Jun 2003
Gujarat,Jamnagar,Kalawad,Ground Nut Seed,Oil Seeds,0.5,2750,3045,2897,27 Jun 2003
Gujarat,Jamnagar,Kalawad,Ground Nut Seed,Oil Seeds,0.4,2750,3100,2925,26 Jun 2003
Gujarat,Jamnagar,Kalawad,Ground Nut Seed,Oil Seeds,1.0,2700,3050,2877,25 Jun 2003
Gujarat,Jamnagar,Kalawad,Ground Nut Seed,Oil Seeds,1.0,2750,3075,2914,24 Jun 2003
Gujarat,Jamnagar,Kalawad,Ground Nut Seed,Oil Seeds,6.0,2750,3050,2900,23 Jun 2003
Gujarat,Jamnagar,Kalawad,Ground Nut Seed,Oil Seeds,0.4,2700,3075,2887,21 Jun 2003
Gujarat,Jamnagar,Kalawad,Ground Nut Seed,Oil Seeds,1.44,2750,3150,2950,20 Jun 2003
Gujarat,Jamnagar,Kalawad,Ground Nut Seed,Oil Seeds,0.8,2700,2975,2837,19 Jun 2003
Gujarat,Jamnagar,Kalawad,Ground Nut Seed,Oil Seeds,1.2,2625,2875,2750,13 Jun 2003
Gujarat,Jamnagar,Kalawad,Ground Nut Seed,Oil Seeds,0.8,2650,2825,2737,12 Jun 2003
Gujarat,Jamnagar,Kalawad,Ground Nut Seed,Oil Seeds,1.2,2625,2825,2725,09 Jun 2003
Gujarat,Jamnagar,Kalawad,Ground Nut Seed,Oil Seeds,1.28,2550,2860,2705,07 Jun 2003
Gujarat,Jamnagar,Kalawad,Ground Nut Seed,Oil Seeds,1.2,2625,2820,2722,06 Jun 2003
Gujarat,Jamnagar,Kalawad,Ground Nut Seed,Oil Seeds,0.3,580,590,585,05 Apr 2003
Gujarat,Amreli,Rajula,Other,Oil Seeds,0.1,2680,2680,2680,07 Oct 2004
Gujarat,Amreli,Rajula,Other,Oil Seeds,0.2,2555,2555,2555,01 Oct 2004
Gujarat,Amreli,Rajula,Other,Oil Seeds,0.1,2000,2635,0,25 Sep 2004
Gujarat,Amreli,Rajula,Other,Oil Seeds,0.3,2625,2685,0,23 Sep 2004
Gujarat,Amreli,Rajula,Other,Oil Seeds,0.1,2600,2690,0,20 Sep 2004
Gujarat,Amreli,Rajula,Other,Oil Seeds,0.2,2605,2675,0,17 Sep 2004
Gujarat,Amreli,Rajula,Other,Oil Seeds,0.6,2000,2705,0,16 Sep 2004
Gujarat,Amreli,Rajula,Other,Oil Seeds,0.2,2550,2650,0,11 Sep 2004
Gujarat,Amreli,Rajula,Other,Oil Seeds,0.2,2635,2675,0,10 Sep 2004
Gujarat,Amreli,Rajula,Other,Oil Seeds,0.2,2545,2875,0,04 Sep 2004
Gujarat,Amreli,Rajula,Other,Oil Seeds,0.7,1995,2660,0,03 Sep 2004
Gujarat,Amreli,Rajula,Other,Oil Seeds,0.3,2325,2650,0,02 Sep 2004
Gujarat,Amreli,Rajula,Other,Oil Seeds,1.0,2450,2600,0,01 Sep 2004
Gujarat,Amreli,Rajula,Other,Oil Seeds,1.2,2535,2635,0,10 Aug 2004
Gujarat,Amreli,Rajula,Other,Oil Seeds,1.5,2005,2750,0,06 Aug 2004
Gujarat,Amreli,Rajula,Other,Oil Seeds,3.0,2670,2725,0,05 Aug 2004
Gujarat,Amreli,Rajula,Other,Oil Seeds,1.0,2650,2775,0,04 Aug 2004
Gujarat,Amreli,Rajula,Other,Oil Seeds,2.0,2425,2700,0,03 Aug 2004
Gujarat,Amreli,Rajula,Other,Oil Seeds,1.0,2650,2825,0,28 Jul 2004
Gujarat,Amreli,Rajula,Other,Oil Seeds,0.7,2425,2725,0,27 Jul 2004
Gujarat,Amreli,Rajula,Other,Oil Seeds,1.5,2550,2660,0,26 Jul 2004
Gujarat,Amreli,Rajula,Other,Oil Seeds,0.2,2550,2550,2550,23 Jul 2004
Gujarat,Amreli,Rajula,Other,Oil Seeds,1.5,2495,2600,0,21 Jul 2004
Gujarat,Amreli,Rajula,Other,Oil Seeds,1.5,2455,2595,0,20 Jul 2004
Gujarat,Amreli,Rajula,Other,Oil Seeds,1.0,2455,2520,0,19 Jul 2004
Gujarat,Amreli,Rajula,Other,Oil Seeds,1.8,2500,2625,0,17 Jul 2004
Gujarat,Amreli,Rajula,Other,Oil Seeds,1.0,1885,2505,0,06 Jul 2004
Gujarat,Amreli,Rajula,Other,Oil Seeds,2.0,1540,2515,0,05 Jul 2004
Gujarat,Amreli,Rajula,Other,Oil Seeds,1.0,2435,2485,0,03 Jul 2004
Gujarat,Amreli,Rajula,Other,Oil Seeds,1.8,1805,2615,0,26 Jun 2004
Gujarat,Amreli,Rajula,Other,Oil Seeds,1.2,1720,2500,0,25 Jun 2004
Gujarat,Amreli,Rajula,Other,Oil Seeds,0.8,2375,2480,0,24 Jun 2004
Gujarat,Amreli,Rajula,Other,Oil Seeds,1.8,2150,2440,0,23 Jun 2004
Gujarat,Amreli,Rajula,Other,Oil Seeds,2.0,2200,2425,0,22 Jun 2004
Gujarat,Amreli,Rajula,Other,Oil Seeds,0.3,2000,2535,0,21 Jun 2004
Gujarat,Amreli,Rajula,Other,Oil Seeds,0.1,2210,2210,2210,19 Jun 2004
Gujarat,Amreli,Rajula,Other,Oil Seeds,0.1,2330,2330,2330,18 Jun 2004
Gujarat,Amreli,Rajula,Other,Oil Seeds,0.2,2245,2255,0,17 Jun 2004
Gujarat,Amreli,Rajula,Other,Oil Seeds,0.1,2180,2180,2180,16 Jun 2004
Gujarat,Amreli,Rajula,Other,Oil Seeds,0.2,2125,2180,0,15 Jun 2004
Gujarat,Amreli,Rajula,Other,Oil Seeds,0.5,2195,2400,0,07 Jun 2004
Gujarat,Amreli,Rajula,Other,Oil Seeds,0.1,2150,2150,2150,15 Sep 2003
Gujarat,Amreli,Rajula,Other,Oil Seeds,0.1,2300,2300,2300,30 Aug 2003
Gujarat,Amreli,Rajula,Other,Oil Seeds,0.1,2400,2400,2400,29 Aug 2003
Gujarat,Amreli,Rajula,Other,Oil Seeds,0.1,1900,2360,0,26 Aug 2003
Gujarat,Amreli,Rajula,Other,Oil Seeds,0.1,2250,2250,2250,25 Aug 2003
Gujarat,Amreli,Rajula,Other,Oil Seeds,0.1,2475,2475,2475,23 Aug 2003
Gujarat,Amreli,Rajula,Other,Oil Seeds,0.2,1880,2225,0,16 Aug 2003
Gujarat,Amreli,Rajula,Other,Oil Seeds,0.1,1900,2375,0,11 Aug 2003
Gujarat,Amreli,Rajula,Other,Oil Seeds,0.1,2525,2525,2525,09 Aug 2003
Gujarat,Amreli,Rajula,Other,Oil Seeds,0.1,2535,2595,0,08 Aug 2003
Gujarat,Amreli,Rajula,Other,Oil Seeds,0.1,2550,2550,2550,07 Aug 2003
Gujarat,Amreli,Rajula,Other,Oil Seeds,0.1,2700,2700,2700,01 Aug 2003
Gujarat,Amreli,Rajula,Other,Oil Seeds,0.1,2050,2600,2325,30 Jul 2003
Gujarat,Amreli,Rajula,Other,Oil Seeds,0.2,2450,2605,0,28 Jul 2003
Gujarat,Amreli,Rajula,Other,Oil Seeds,0.2,2525,2660,0,26 Jul 2003
Gujarat,Amreli,Rajula,Other,Oil Seeds,0.1,2575,2575,2575,25 Jul 2003
Gujarat,Amreli,Rajula,Other,Oil Seeds,0.5,2605,2775,0,23 Jul 2003
Gujarat,Amreli,Rajula,Other,Oil Seeds,0.1,2705,2745,2725,22 Jul 2003
Gujarat,Amreli,Rajula,Other,Oil Seeds,2.0,2665,2680,0,19 Jul 2003
Gujarat,Amreli,Rajula,Other,Oil Seeds,2.0,2550,3000,0,18 Jul 2003
Gujarat,Amreli,Rajula,Other,Oil Seeds,0.3,2600,2685,2642.5,17 Jul 2003
Gujarat,Amreli,Rajula,Other,Oil Seeds,4.0,2475,2715,0,16 Jul 2003
Gujarat,Amreli,Rajula,Other,Oil Seeds,3.0,2475,2805,0,15 Jul 2003
Gujarat,Amreli,Rajula,Other,Oil Seeds,7.0,2610,2910,0,14 Jul 2003
Gujarat,Amreli,Rajula,Other,Oil Seeds,2.0,2680,2750,0,12 Jul 2003
