State Name,District Name,Market Name,Variety,Group,Arrivals (Tonnes),Min Price (Rs./Quintal),Max Price (Rs./Quintal),Modal Price (Rs./Quintal),Reported Date
Haryana,Fatehabad,Fatehabad,Desi,Fibre Crops,70.50,1600,1671,1611,01 Jan 2005
Haryana,Fatehabad,Fatehabad,Other,Fibre Crops,203.50,1671,1776,1740,30 Dec 2004
Haryana,Fatehabad,Fatehabad,Desi,Fibre Crops,211.70,1500,1624,1590,28 Dec 2004
Haryana,Fatehabad,Fatehabad,Other,Fibre Crops,605.00,1720,1785,1750,27 Dec 2004
Haryana,Fatehabad,Fatehabad,Other,Fibre Crops,325.90,1725,1785,1746,25 Dec 2004
Haryana,Fatehabad,Fatehabad,Desi,Fibre Crops,350.00,1575,1630,1600,24 Dec 2004
Haryana,Fatehabad,Fatehabad,Other,Fibre Crops,152.80,1525,1756,1714,23 Dec 2004
Haryana,Fatehabad,Fatehabad,Desi,Fibre Crops,408.60,1562,1641,1605,22 Dec 2004
Haryana,Fatehabad,Fatehabad,Other,Fibre Crops,305.00,1675,1785,1750,21 Dec 2004
Haryana,Fatehabad,Fatehabad,Desi,Fibre Crops,220.00,1525,1636,1600,20 Dec 2004
Haryana,Fatehabad,Fatehabad,Other,Fibre Crops,191.50,1500,1740,1715,18 Dec 2004
Haryana,Fatehabad,Fatehabad,Desi,Fibre Crops,"2,231.00",1500,1632,1615,17 Dec 2004
Haryana,Fatehabad,Fatehabad,Other,Fibre Crops,197.40,1600,1741,1710,16 Dec 2004
Haryana,Fatehabad,Fatehabad,Desi,Fibre Crops,219.60,1576,1685,1640,15 Dec 2004
Haryana,Fatehabad,Fatehabad,Other,Fibre Crops,253.50,1610,1781,1725,14 Dec 2004
Haryana,Fatehabad,Fatehabad,Other,Fibre Crops,148.50,1650,1795,1720,13 Dec 2004
Haryana,Fatehabad,Fatehabad,Other,Fibre Crops,186.50,1601,1775,1680,11 Dec 2004
Haryana,Fatehabad,Fatehabad,Desi,Fibre Crops,204.80,1583,1666,1640,10 Dec 2004
Haryana,Fatehabad,Fatehabad,Other,Fibre Crops,185.90,1680,1805,1716,09 Dec 2004
Haryana,Fatehabad,Fatehabad,Desi,Fibre Crops,247.30,1575,1651,1590,08 Dec 2004
Haryana,Fatehabad,Fatehabad,Other,Fibre Crops,234.90,1635,1775,1715,07 Dec 2004
Haryana,Fatehabad,Fatehabad,Desi,Fibre Crops,209.90,1525,1626,1580,06 Dec 2004
Haryana,Fatehabad,Fatehabad,Other,Fibre Crops,286.20,1525,1718,1660,04 Dec 2004
Haryana,Fatehabad,Fatehabad,Desi,Fibre Crops,276.60,1575,1675,1650,03 Dec 2004
Haryana,Fatehabad,Fatehabad,Other,Fibre Crops,212.30,1675,1795,1775,02 Dec 2004
Haryana,Fatehabad,Fatehabad,Desi,Fibre Crops,87.70,1741,1769,1750,01 Dec 2004
Haryana,Fatehabad,Fatehabad,Other,Fibre Crops,250.40,1550,1801,1675,30 Nov 2004
Haryana,Fatehabad,Fatehabad,Desi,Fibre Crops,251.30,1616,1783,1745,29 Nov 2004
Haryana,Fatehabad,Fatehabad,Other,Fibre Crops,15.00,2570,2570,2570,15 Mar 2004
Haryana,Fatehabad,Fatehabad,Other,Fibre Crops,12.00,2100,2500,2500,09 Mar 2004
Haryana,Fatehabad,Fatehabad,Other,Fibre Crops,7.00,2160,2160,2160,04 Mar 2004
Haryana,Fatehabad,Fatehabad,Other,Fibre Crops,33.00,2227,2627,2626,03 Mar 2004
Haryana,Fatehabad,Fatehabad,Other,Fibre Crops,12.00,2186,2618,2240,28 Feb 2004
Haryana,Fatehabad,Fatehabad,Other,Fibre Crops,32.00,2319,2570,2543,27 Feb 2004
Haryana,Fatehabad,Fatehabad,Other,Fibre Crops,25.00,2050,2650,2340,26 Feb 2004
Haryana,Fatehabad,Fatehabad,Other,Fibre Crops,13.00,2184,2705,2702,25 Feb 2004
Haryana,Fatehabad,Fatehabad,Other,Fibre Crops,7.00,2175,2711,2711,24 Feb 2004
Haryana,Fatehabad,Fatehabad,Other,Fibre Crops,22.00,2340,2700,2680,23 Feb 2004
Haryana,Fatehabad,Fatehabad,Other,Fibre Crops,38.00,2180,2688,2600,21 Feb 2004
Haryana,Fatehabad,Fatehabad,Other,Fibre Crops,27.00,2102,2661,2500,17 Feb 2004
Haryana,Fatehabad,Fatehabad,Other,Fibre Crops,16.00,2552,2631,2621,16 Feb 2004
Haryana,Fatehabad,Fatehabad,Other,Fibre Crops,117.00,2225,2791,2500,13 Feb 2004
Haryana,Fatehabad,Fatehabad,Other,Fibre Crops,179.00,2225,2815,2741,12 Feb 2004
Haryana,Fatehabad,Fatehabad,Other,Fibre Crops,109.00,2275,2802,2700,11 Feb 2004
Haryana,Fatehabad,Fatehabad,Other,Fibre Crops,39.00,2500,2815,2810,10 Feb 2004
Haryana,Fatehabad,Fatehabad,Other,Fibre Crops,393.00,2125,2813,2500,07 Feb 2004
Haryana,Fatehabad,Fatehabad,Other,Fibre Crops,189.00,2211,2825,2300,05 Feb 2004
Haryana,Fatehabad,Fatehabad,Other,Fibre Crops,287.00,2200,2782,2445,03 Feb 2004
Haryana,Fatehabad,Fatehabad,Other,Fibre Crops,34.00,2551,2751,2661,31 Jan 2004
Haryana,Fatehabad,Fatehabad,Other,Fibre Crops,485.00,2114,2741,2565,29 Jan 2004
Haryana,Fatehabad,Fatehabad,Other,Fibre Crops,466.00,2060,2767,2450,28 Jan 2004
Haryana,Fatehabad,Fatehabad,Other,Fibre Crops,84.00,2150,2858,2600,23 Jan 2004
Haryana,Fatehabad,Fatehabad,Other,Fibre Crops,424.00,2175,2868,2500,22 Jan 2004
Haryana,Fatehabad,Fatehabad,Other,Fibre Crops,453.00,2175,2865,2511,20 Jan 2004
Haryana,Fatehabad,Fatehabad,Other,Fibre Crops,431.00,2050,2834,2600,17 Jan 2004
Haryana,Fatehabad,Fatehabad,Other,Fibre Crops,608.00,1900,2807,2550,16 Jan 2004
Haryana,Fatehabad,Fatehabad,Other,Fibre Crops,459.00,2000,2798,2400,15 Jan 2004
Haryana,Fatehabad,Fatehabad,Other,Fibre Crops,569.00,2150,2785,2266,14 Jan 2004
Haryana,Fatehabad,Fatehabad,Other,Fibre Crops,601.00,2149,2787,2212,13 Jan 2004
Haryana,Fatehabad,Fatehabad,Other,Fibre Crops,469.00,2100,2797,2222,12 Jan 2004
Haryana,Fatehabad,Fatehabad,Other,Fibre Crops,756.00,2015,2686,2300,02 Jan 2004
Haryana,Fatehabad,Fatehabad,Other,Fibre Crops,795.00,2000,2656,2200,01 Jan 2004
Haryana,Fatehabad,Fatehabad,Other,Fibre Crops,863.00,1920,2650,2150,31 Dec 2003
Haryana,Fatehabad,Fatehabad,Other,Fibre Crops,"1,781.00",1980,2677,2400,30 Dec 2003
Haryana,Fatehabad,Fatehabad,Other,Fibre Crops,"1,376.00",1900,2641,2400,29 Dec 2003
Haryana,Fatehabad,Fatehabad,Other,Fibre Crops,"2,232.00",1950,2664,2010,27 Dec 2003
Haryana,Fatehabad,Fatehabad,Other,Fibre Crops,"2,259.00",1850,2626,2011,26 Dec 2003
Haryana,Fatehabad,Fatehabad,Other,Fibre Crops,"2,128.00",1920,2626,1955,25 Dec 2003
Haryana,Fatehabad,Fatehabad,Other,Fibre Crops,"1,787.00",1980,2600,2375,24 Dec 2003
Haryana,Fatehabad,Fatehabad,Other,Fibre Crops,"1,931.00",1925,2593,2500,23 Dec 2003
Haryana,Fatehabad,Fatehabad,Other,Fibre Crops,"1,355.00",1800,2582,2020,22 Dec 2003
Haryana,Fatehabad,Fatehabad,Other,Fibre Crops,"1,861.00",1910,2585,2105,20 Dec 2003
Haryana,Fatehabad,Fatehabad,Other,Fibre Crops,"1,997.00",1800,2565,2300,19 Dec 2003
Haryana,Fatehabad,Fatehabad,Other,Fibre Crops,"1,036.00",1871,2503,2501,29 Sep 2003
Haryana,Fatehabad,Fatehabad,Other,Fibre Crops,"1,469.00",1800,2501,2459,27 Sep 2003
Haryana,Fatehabad,Fatehabad,Other,Fibre Crops,161.00,1814,2497,2400,26 Sep 2003
Haryana,Fatehabad,Fatehabad,Other,Fibre Crops,64.00,1900,2465,1940,25 Sep 2003
Haryana,Fatehabad,Fatehabad,Other,Fibre Crops,52.00,1907,2372,1930,24 Sep 2003
Haryana,Fatehabad,Fatehabad,Other,Fibre Crops,74.00,1886,2311,1924,23 Sep 2003
Haryana,Fatehabad,Fatehabad,Other,Fibre Crops,86.00,1851,2311,1901,22 Sep 2003
Haryana,Fatehabad,Fatehabad,Other,Fibre Crops,15.00,1825,1852,1835,20 Sep 2003
Haryana,Fatehabad,Fatehabad,Other,Fibre Crops,23.00,1830,1881,1851,19 Sep 2003
Haryana,Fatehabad,Fatehabad,Other,Fibre Crops,28.00,1885,1900,1891,18 Sep 2003
Haryana,Fatehabad,Fatehabad,Other,Fibre Crops,3.00,1911,1911,1911,17 Sep 2003
Haryana,Fatehabad,Fatehabad,Other,Fibre Crops,21.00,1881,1900,1891,16 Sep 2003
Haryana,Fatehabad,Fatehabad,Other,Fibre Crops,3.00,1831,1840,1840,12 Sep 2003
Haryana,Fatehabad,Fatehabad,Other,Fibre Crops,3.00,1751,1751,1751,11 Sep 2003
Haryana,Fatehabad,Fatehabad,Other,Fibre Crops,4.00,1821,1821,1821,10 Sep 2003
Haryana,Fatehabad,Fatehabad,Kapas (Adoni),Fibre Crops,8.00,1800,1900,1850,25 Mar 2003
Haryana,Fatehabad,Fatehabad,Kapas (Adoni),Fibre Crops,1.00,1858,1858,1858,24 Mar 2003
Haryana,Fatehabad,Fatehabad,LD-230,Fibre Crops,2.00,2465,2540,2500,21 Mar 2003
Haryana,Fatehabad,Fatehabad,LD-230,Fibre Crops,7.00,1850,2361,2290,20 Mar 2003
Haryana,Fatehabad,Fatehabad,A-51-9 24mm. FIne,Fibre Crops,6.00,1915,2548,2466,19 Mar 2003
Haryana,Fatehabad,Fatehabad,LD-230,Fibre Crops,1.00,1880,1880,1880,15 Mar 2003
Haryana,Fatehabad,Fatehabad,A-51-9 24mm. FIne,Fibre Crops,2.00,1876,2495,1950,14 Mar 2003
Haryana,Fatehabad,Fatehabad,A-51-9 24mm. FIne,Fibre Crops,9.00,1925,2600,2500,13 Mar 2003
Haryana,Fatehabad,Fatehabad,A-51-9 24mm. FIne,Fibre Crops,1.00,2421,2421,2421,08 Mar 2003
Haryana,Fatehabad,Fatehabad,Kapas (Adoni),Fibre Crops,2.00,2400,2400,2400,07 Mar 2003
Haryana,Fatehabad,Fatehabad,LD-230,Fibre Crops,3.00,1921,2250,1955,06 Mar 2003
Haryana,Fatehabad,Fatehabad,LD-230,Fibre Crops,8.00,1900,2503,2300,05 Mar 2003
Haryana,Fatehabad,Fatehabad,LD-230,Fibre Crops,9.00,2415,2510,2450,04 Mar 2003
Haryana,Fatehabad,Fatehabad,Kapas (Adoni),Fibre Crops,11.00,1900,2500,2000,03 Mar 2003
Haryana,Fatehabad,Fatehabad,A-51-9 24mm. FIne,Fibre Crops,17.00,1940,2490,2157,28 Feb 2003
Haryana,Fatehabad,Fatehabad,A-51-9 24mm. FIne,Fibre Crops,17.00,1916,2490,2050,27 Feb 2003
Haryana,Jind,Narwana,Desi,Fibre Crops,38.50,1700,2000,1800,05 Feb 2004
Haryana,Jind,Narwana,American,Fibre Crops,42.70,0,2811,2200,04 Feb 2004
Haryana,Jind,Narwana,American,Fibre Crops,51.00,2250,2790,2450,03 Feb 2004
Haryana,Jind,Narwana,Desi,Fibre Crops,62.50,2100,2250,2175,29 Jan 2004
Haryana,Jind,Narwana,American,Fibre Crops,109.10,2150,2870,2600,28 Jan 2004
Haryana,Jind,Narwana,Desi,Fibre Crops,67.80,2050,2301,2200,27 Jan 2004
Haryana,Jind,Narwana,American,Fibre Crops,40.00,2400,2893,2500,26 Jan 2004
Haryana,Jind,Narwana,Desi,Fibre Crops,3.50,2000,2050,2000,23 Jan 2004
Haryana,Jind,Narwana,American,Fibre Crops,16.00,2600,2885,2700,21 Jan 2004
Haryana,Jind,Narwana,Desi,Fibre Crops,9.00,2402,2402,2402,14 Jan 2004
Haryana,Jind,Narwana,American,Fibre Crops,94.50,2250,2786,2400,13 Jan 2004
Haryana,Jind,Narwana,American,Fibre Crops,116.10,2200,2744,2500,10 Jan 2004
Haryana,Sirsa,Sirsa,Other,Fibre Crops,3.00,2021,2645,2600,24 Mar 2003
Haryana,Sirsa,Sirsa,Other,Fibre Crops,5.00,1900,2400,2300,17 Mar 2003
Haryana,Sirsa,Sirsa,Other,Fibre Crops,11.00,1950,2542,2200,15 Mar 2003
Haryana,Sirsa,Sirsa,Other,Fibre Crops,13.00,1800,2501,2135,13 Mar 2003
Haryana,Sirsa,Sirsa,Other,Fibre Crops,10.00,1950,2527,2286,12 Mar 2003
Haryana,Sirsa,Sirsa,Other,Fibre Crops,22.00,2010,2595,2051,11 Mar 2003
Haryana,Sirsa,Sirsa,Other,Fibre Crops,19.00,2000,2611,2550,10 Mar 2003
Haryana,Sirsa,Sirsa,Other,Fibre Crops,13.00,1800,2533,2100,07 Mar 2003
Haryana,Sirsa,Sirsa,Other,Fibre Crops,20.00,1900,2545,2151,06 Mar 2003
Haryana,Sirsa,Sirsa,Other,Fibre Crops,40.00,1755,2525,2100,05 Mar 2003
Haryana,Sirsa,Sirsa,Other,Fibre Crops,31.80,1949,2555,2200,04 Mar 2003
Haryana,Sirsa,Sirsa,Other,Fibre Crops,32.50,1800,2588,2055,03 Mar 2003
Haryana,Sirsa,Sirsa,Other,Fibre Crops,150.00,1500,2241,2200,25 Jan 2003
Haryana,Sirsa,Sirsa,Other,Fibre Crops,800.00,1445,2236,2150,16 Dec 2002
Haryana,Sirsa,Sirsa,Other,Fibre Crops,563.60,1725,2160,2110,11 Dec 2002
Haryana,Sirsa,Sirsa,Other,Fibre Crops,650.00,1725,2130,2100,10 Dec 2002
Haryana,Sirsa,Sirsa,Other,Fibre Crops,633.00,1700,2116,2105,09 Dec 2002
Haryana,Sirsa,Sirsa,Other,Fibre Crops,429.60,1526,2130,2100,04 Dec 2002
Haryana,Sirsa,Sirsa,Other,Fibre Crops,520.00,1550,2152,2125,03 Dec 2002
Haryana,Sirsa,Sirsa,Other,Fibre Crops,658.00,1780,2168,2100,29 Nov 2002
Haryana,Sirsa,Sirsa,Other,Fibre Crops,650.00,1800,2170,2100,28 Nov 2002
Haryana,Sirsa,Sirsa,Other,Fibre Crops,592.00,1750,2147,2100,27 Nov 2002
Haryana,Sirsa,Sirsa,Other,Fibre Crops,554.30,1750,2171,2105,26 Nov 2002
Haryana,Sirsa,Sirsa,Other,Fibre Crops,654.00,1750,2119,2100,25 Nov 2002
Haryana,Sirsa,Sirsa,Other,Fibre Crops,810.00,1800,2075,2045,23 Nov 2002
Haryana,Sirsa,Sirsa,Other,Fibre Crops,477.00,1800,2055,2030,21 Nov 2002
Haryana,Sirsa,Sirsa,Other,Fibre Crops,400.00,1600,2054,2020,20 Nov 2002
Haryana,Sirsa,Sirsa,Other,Fibre Crops,540.00,1825,2056,2022,18 Nov 2002
Haryana,Sirsa,Sirsa,Other,Fibre Crops,740.00,1600,2031,2020,16 Nov 2002
Haryana,Sirsa,Sirsa,Other,Fibre Crops,583.20,1780,2029,2002,14 Nov 2002
Haryana,Sirsa,Sirsa,Other,Fibre Crops,744.90,1825,2015,1997,13 Nov 2002
Haryana,Sirsa,Sirsa,Other,Fibre Crops,694.80,1850,2040,2000,12 Nov 2002
Haryana,Sirsa,Sirsa,Other,Fibre Crops,723.00,1801,2041,2015,11 Nov 2002
Haryana,Sirsa,Sirsa,Other,Fibre Crops,648.00,1911,2029,2026,08 Nov 2002
Haryana,Sirsa,Sirsa,Other,Fibre Crops,441.00,1861,1999,1980,07 Nov 2002
Haryana,Sirsa,Sirsa,Other,Fibre Crops,337.00,1825,1986,1969,06 Nov 2002
Haryana,Sirsa,Sirsa,Other,Fibre Crops,20.00,1881,1948,1900,05 Nov 2002
Haryana,Sirsa,Sirsa,Other,Fibre Crops,684.50,1821,1985,1925,02 Nov 2002
Haryana,Sirsa,Sirsa,Other,Fibre Crops,723.00,1825,1966,1900,01 Nov 2002
Haryana,Sirsa,Sirsa,Other,Fibre Crops,480.00,1865,1996,1900,31 Oct 2002
Haryana,Sirsa,Sirsa,Other,Fibre Crops,600.00,1850,1980,1885,30 Oct 2002
Haryana,Sirsa,Sirsa,Other,Fibre Crops,758.00,1680,2034,1993,29 Oct 2002
Haryana,Sirsa,Sirsa,Other,Fibre Crops,730.00,1880,2046,1996,28 Oct 2002
Haryana,Sirsa,Sirsa,Other,Fibre Crops,550.00,1889,2022,1935,25 Oct 2002
Haryana,Sirsa,Sirsa,Other,Fibre Crops,380.00,1910,2002,1950,24 Oct 2002
Haryana,Sirsa,Sirsa,Other,Fibre Crops,400.00,1910,1991,1975,23 Oct 2002
Haryana,Sirsa,Sirsa,Other,Fibre Crops,235.00,1880,1991,1939,22 Oct 2002
Haryana,Sirsa,Sirsa,Other,Fibre Crops,240.00,1911,1979,1960,21 Oct 2002
Haryana,Sirsa,Sirsa,Other,Fibre Crops,270.00,1800,1964,1860,19 Oct 2002
Haryana,Sirsa,Sirsa,Other,Fibre Crops,350.00,1791,1956,1890,18 Oct 2002
Haryana,Sirsa,Sirsa,Other,Fibre Crops,360.00,1890,1992,1940,17 Oct 2002
Haryana,Sirsa,Sirsa,Other,Fibre Crops,330.00,1996,2057,2000,16 Oct 2002
Haryana,Sirsa,Sirsa,Other,Fibre Crops,300.00,1950,2088,2048,14 Oct 2002
Haryana,Sirsa,Sirsa,Other,Fibre Crops,230.00,1880,1995,1950,11 Oct 2002
Haryana,Sirsa,Sirsa,Other,Fibre Crops,230.00,1940,1974,1964,10 Oct 2002
Haryana,Sirsa,Sirsa,Other,Fibre Crops,190.00,1873,1969,1912,09 Oct 2002
Haryana,Sirsa,Sirsa,Other,Fibre Crops,150.00,1880,1953,1900,08 Oct 2002
Haryana,Sirsa,Sirsa,Other,Fibre Crops,180.00,1841,1931,1880,07 Oct 2002
Haryana,Sirsa,Sirsa,Other,Fibre Crops,120.00,1840,1905,1860,05 Oct 2002
Haryana,Sirsa,Sirsa,Other,Fibre Crops,132.00,1890,1945,1922,04 Oct 2002
Haryana,Sirsa,Sirsa,Other,Fibre Crops,100.00,1750,1968,1908,03 Oct 2002
Haryana,Sirsa,Sirsa,Other,Fibre Crops,100.00,1818,1895,1850,01 Oct 2002
Haryana,Sirsa,Sirsa,Other,Fibre Crops,37.00,1818,1879,1862,25 Sep 2002
Haryana,Sirsa,Sirsa,Other,Fibre Crops,2.00,1765,1775,1770,17 Apr 2002
Haryana,Sirsa,Sirsa,LD-327,Fibre Crops,27.00,1550,1810,1758,13 Feb 2002
Haryana,Sirsa,Sirsa,LD-327,Fibre Crops,20.00,1650,1821,1780,12 Feb 2002
